"PLU","CATEGORY","COMMODITY","VARIETY","SIZE"
"3000","Fruits","APPLES","Alkmene","    All Sizes        "
"3001","Fruits","APPLES","Aurora/Southern Rose"," Small  "
"3002","Fruits","APPLES","Cantared"," All Sizes "
"3003","Fruits","APPLES","D'Estivale"," All Sizes "
"3004","Fruits","APPLES","Discovery","     All Sizes     "
"3005","Fruits","APPLES","Golden Delicious Blush"," All Sizes "
"3006","Fruits","APPLES","Ingrid Marie","  All Sizes  "
"3007","Fruits","APPLES","Lochbuie"," All Sizes "
"3008","Fruits","APPLES","Rubinette"," All Sizes "
"3009","Fruits","APPLES","Russet"," All Sizes "
"3010","Fruits","APPLES","Cripps Red"," Small  "
"3011","Fruits","APPLES","Worcester"," All Sizes "
"3012","Fruits","PEARS","Abate Fetel","All Sizes"
"3013","Fruits","PEARS","Beurre Hardy","All Sizes"
"3014","Fruits","PEARS","Bon Rouge","All Sizes"
"3015","Fruits","PEARS","Clara Friis","All Sizes"
"3016","Fruits","PEARS","Concorde","All Sizes"
"3017","Fruits","PEARS","Conference","All Sizes"
"3018","Fruits","PEARS","Durondeau","All Sizes"
"3019","Fruits","PEARS","Flamingo","All Sizes"
"3020","Fruits","PEARS","General Leclerc","All Sizes"
"3021","Fruits","PEARS","Guyot","All Sizes"
"3022","Fruits","PEARS","Josephine","All Sizes"
"3023","Fruits","PEARS","Passe Crassane","Small"
"3024","Fruits","PEARS","Rocha","All Sizes"
"3025","Fruits","PEARS","Rosemarie","All Sizes"
"3026","Fruits","PEARS","Triumph de Vienne","All Sizes"
"3027","Fruits","ORANGES","Shamouti","All Sizes"
"3028","Fruits","ORANGES","Delta Seedless","Small"
"3029","Fruits","TANGERINES/MANDARINS","Satsuma","All Sizes"
"3030","Fruits","TANGERINES/MANDARINS","Nova (includes Clemenvilla, Suntina)","All Sizes"
"3031","Fruits","TANGERINES/MANDARINS","Jamaican Tangor (includes Ortanique, Mandor, Mandora, Tambor, Topaz, Ortanline)","All Sizes"
"3032","Fruits","TANGERINES/MANDARINS","Ellendale","All Sizes"
"3033","Fruits","MELON","Charentais","Small"
"3034","Fruits","MELON","Charentais","Large"
"3035","Fruits","NECTARINE","White Flesh, Tree Ripened, Ready-to-eat","Large"
"3036","Fruits","ORANGES","Midknight","Small"
"3037","Fruits","PINEAPPLE","Queen","All Sizes"
"3038","Fruits","PASSION FRUIT","Granadilla, Orange","All Sizes"
"3039","Fruits","PHYSALIS/CAPE GOOSEBERRY/GROUND CHERRY","","All Sizes"
"3040","Fruits","PITAHAYA","Red (skin color)","All Sizes"
"3041","Fruits","RAMBUTAN","","All Sizes"
"3042","Fruits","MANGOSTEEN","","All Sizes"
"3043","Fruits","GRAPES","Italia, Seeded","All Sizes"
"3044","Fruits","APRICOTS","Black Velvet"," All Sizes "
"3045","Fruits","DATES","Fresh, On Branch","All Sizes"
"3046","Fruits","DATES","Fresh, Frozen","All Sizes"
"3047","Fruits","DATES","Medjool","All Sizes"
"3048","Vegetables","BEANS","Helda/Flat","All Sizes"
"3049","Vegetables","BEANS","Fine","All Sizes"
"3050","Vegetables","CABBAGE","Dutch White/Winter White","All Sizes"
"3051","Vegetables","CABBAGE","Spring Cabbage/Spring Greens","All Sizes"
"3052","Vegetables","GARLIC","String","All Sizes"
"3053","Vegetables","PARSNIP","Baby","All Sizes"
"3054","Vegetables","PEPPERS (CAPSICUMS)","Elongated (Clovis Red/Lamuyo Red)","All Sizes"
"3055","Vegetables","PEPPERS (CAPSICUMS)","Elongated (Clovis Green/Lamuyo Green)","All Sizes"
"3056","Vegetables","PEPPERS (CAPSICUMS)","Elongated (Clovis Yellow/Lamuyo Yellow)","All Sizes"
"3057","Vegetables","PEPPERS (CAPSICUMS)","Elongated (Clovis Orange/Lamuyo Orange)","All Sizes"
"3058","Vegetables","PEPPERS (CAPSICUMS)","Elongated (Clovis White/Lamuyo White)","All Sizes"
"3059","Vegetables","SQUASH","Crown Prince","All Sizes"
"3060","Vegetables","SQUASH","Vegetable Marrow","All Sizes"
"3061","Vegetables","TOMATOES","Beef/Beefsteak","All Sizes"
"3062","Herbs","BAY LEAVES","","All Sizes "
"3063","Herbs","FENNEL LEAVES","","All Sizes"
"3064","Herbs","ALOE VERA LEAVES","","All Sizes"
"3065","Fruits","APPLES","Cameo"," Small "
"3066","Fruits","APPLES","Cameo"," Large "
"3067","Fruits","APPLES","Swiss Gourmet"," Small "
"3068","Fruits","APPLES","Swiss Gourmet"," Large "
"3069","Fruits","APPLES","Gravenstein, Red"," Small "
"3070","Fruits","APPLES","Gravenstein, Red","  Large  "
"3071","Fruits","APPLES","Granny Smith, Red"," All Sizes "
"3072","Fruits","APPLES","Lady"," All Sizes "
"3073","Fruits","APPLES","Macoun"," All Sizes "
"3074","Fruits","APPLES","Greening (RI)"," All Sizes "
"3075","Fruits","APPLES","Baldwin"," All Sizes "
"3076","Fruits","APPLES","Melrose"," All Sizes "
"3077","Fruits","APPLES","Northern Spy"," All Sizes "
"3078","Fruits","APPLES","Liberty"," All Sizes "
"3079","Vegetables","ASPARAGUS","Purple","All Sizes"
"3080","Fruits","AVOCADOS","Pinkerton","All Sizes"
"3081","Fruits","BERRIES","Saskatoon","All Sizes"
"3082","Vegetables","BROCCOLI","Crowns","All Sizes"
"3083","Vegetables","BRUSSELS SPROUTS","Stalk","All Sizes"
"3084","Herbs","CHERVIL","","All Sizes"
"3085","Vegetables","CORN","Indian, Decorative","Large"
"3086","Vegetables","CORN","Indian. Decorative","Mini"
"3087","Vegetables","CORN","Indian, Strawberry","All Sizes"
"3088","Fruits","CURRANTS","Red","All Sizes"
"3089","Vegetables","EGGPLANT (AUBERGINE)","Chinese","All Sizes"
"3090","Vegetables","EGGPLANT (AUBERGINE)","Thai","All Sizes"
"3091","Vegetables","GOBO ROOT/BURDOCK","","All Sizes"
"3092","Fruits","GRAPEFRUIT","OroBlanco/Sweetie","All Sizes"
"3093","Fruits","GRAPES","Retailer Assigned","All Sizes"
"3094","Fruits","GRAPES","Retailer Assigned","All Sizes"
"3095","Vegetables","KALE","Multicolor","All Sizes"
"3096","Vegetables","KOHLRABI","Purple/Red/All Other Colors","All Sizes"
"3097","Vegetables","LETTUCE","Romaine, Red","All Sizes"
"3098","Vegetables","LETTUCE","Boston, Red","All Sizes"
"3099","Vegetables","LOTUS ROOT","","All Sizes"
"3100","Fruits","MELON","Gold Honeydew","All Sizes"
"3101","Fruits","MELON","Piel de Sapo","All Sizes"
"3102","Vegetables","MUSHROOMS","Morel","All Sizes "
"3103","Vegetables","MUSHROOMS","Enoki","All Sizes"
"3104","Fruits","APPLES","RoHo 3615"," All Sizes  "
"3105","Nuts","CASHEWS","","All Sizes"
"3106","Nuts","MACADAMIA","","All Sizes"
"3107","Fruits","ORANGES","Navel","Medium"
"3108","Fruits","ORANGES","Valencia","Medium"
"3109","Fruits","ORANGES","Seville (Marmalade type)","All Sizes"
"3110","Fruits","ORANGES","Navel, Cara Cara (Red)","All Sizes"
"3111","Fruits","PAPAYA/PAWPAW","Red-Fleshed (Solo Sunrise)","All Sizes"
"3112","Fruits","PAPAYA/PAWPAW","Meridol","All Sizes"
"3113","Fruits","PEACHES","Flat White Flesh (Saturn type)"," All Sizes "
"3114","Fruits","MANGO","Green","Extra Large"
"3115","Fruits","PEACHES","Flat Yellow Flesh"," All Sizes "
"3116","Fruits","PEACHES","Yellow Flesh (Tree Ripened/Ready-to-eat)"," Small "
"3117","Fruits","PEACHES","Yellow Flesh (Tree Ripened/Ready-to-eat)"," Large "
"3118","Fruits","PEARS","Starkrimson","All Sizes"
"3119","Vegetables","PEPPERS (CAPSICUMS)","Bell, Greenhouse - Green","Small"
"3120","Vegetables","PEPPERS (CAPSICUMS)","Bell, Greenhouse - Green","Large"
"3121","Vegetables","PEPPERS (CAPSICUMS)","Bell, Greenhouse - Orange","All Sizes"
"3122","Vegetables","PEPPERS (CAPSICUMS)","Bell, Greenhouse - White","All Sizes"
"3123","Vegetables","PEPPERS (CAPSICUMS)","Bell, Greenhouse - Brown","All Sizes"
"3124","Vegetables","PEPPERS (CAPSICUMS)","Bell, Greenhouse - Purple","All Sizes"
"3125","Vegetables","PEPPERS (CAPSICUMS)","Habanero","All Sizes"
"3126","Fruits","PLUMCOT (INTERSPECIFIC PLUM)","Retailer Assigned","All Sizes"
"3127","Fruits","POMEGRANATE","","Medium"
"3128","Vegetables","POTATO","Purple","All Sizes  "
"3129","Fruits","GRAPEFRUIT","Pummelo - Red","All Sizes"
"3130","Vegetables","PUMPKIN","Jumbo","All Sizes"
"3131","Vegetables","PUMPKIN","Decorative (Painted)","All Sizes"
"3132","Vegetables","PUMPKIN","White","All Sizes"
"3133","Vegetables","PUMPKIN","White - Mini","All Sizes"
"3134","Vegetables","PUMPKIN","Pie Pumpkin","All Sizes"
"3135","Vegetables","GOURD","Ornamental","All Sizes"
"3136","Fruits","SAPODILLO/NISPERO","","All Sizes"
"3137","Fruits","SAPOTE","White","All Sizes"
"3138","Fruits","SAPOTE","Black","All Sizes"
"3139","Herbs","SAVORY","","All Sizes "
"3140","Vegetables","SQUASH","Cucuzza","All Sizes"
"3141","Vegetables","SQUASH","Opo","All Sizes"
"3142","Vegetables","SQUASH","Carnival","All Sizes"
"3143","Vegetables","SQUASH","Acorn - baby","All Sizes"
"3144","Fruits","TANGERINES/MANDARINS","Fall Glo","All Sizes"
"3145","Vegetables","TOMATOES","Plum/Italian/Saladette/Roma (Yellow)","All Sizes"
"3146","Vegetables","TOMATOES","Cherry - Red, On the Vine","All Sizes"
"3147","Vegetables","TOMATOES","Cherry - Yellow, On the Vine","All Sizes"
"3148","Vegetables","TOMATOES","Regular - Yelllow, On the Vine (Truss)","All Sizes"
"3149","Vegetables","TOMATOES","Regular - Orange, On the Vine","All Sizes"
"3150","Vegetables","TOMATOES","Cocktail/Intermediate - Red","All Sizes"
"3151","Vegetables","TOMATOES","Vine Ripe, Regular - Red","Large"
"3152","Fruits","GRAPEFRUIT","Melogold","All Sizes"
"3153","Fruits","ORANGES","Delta Seedless","Medium"
"3154","Fruits","ORANGES","Delta Seedless","Large"
"3155","Fruits","ORANGES","Midknight","Medium"
"3156","Fruits","ORANGES","Midknight","Large"
"3157","Fruits","GRAPEFRUIT","White","Extra Large"
"3158","Fruits","GRAPEFRUIT","White","Extra Large"
"3159","Fruits","GRAPEFRUIT","White","Extra Large"
"3160","Vegetables","GAI LAN","Synonymous with Chinese Broccoli","All Sizes"
"3161","Vegetables","GAI (GUI) CHOY (CHINESE or INDIAN MUSTARD)","Baby - Chinese or Indian Mustard","All Sizes"
"3162","Vegetables","ONG CHOY","Synonymous with Water Spinach","All Sizes"
"3163","Vegetables","BOK CHOY (PAK CHOI)","Shanghai","All Sizes"
"3164","Vegetables","YU CHOY","","All Sizes"
"3165","Vegetables","RADICCHIO","Treviso","All Sizes"
"3166","Vegetables","CABBAGE","Tuscan","All Sizes"
"3167","Vegetables","FRISEE","","All Sizes"
"3168","Vegetables","RADICCHIO","Castlefranco","All Sizes"
"3169","Vegetables","LETTUCE","Catalogna","All Sizes"
"3170","ALL","FOR USE WITH ALL COMMODITIES","Retailer Assigned","All Sizes"
"3171","ALL","FOR USE WITH ALL COMMODITIES","Retailer Assigned","All Sizes"
"3172","ALL","FOR USE WITH ALL COMMODITIES","Retailer Assigned","All Sizes"
"3173","ALL","FOR USE WITH ALL COMMODITIES","Retailer Assigned","All Sizes"
"3174","ALL","FOR USE WITH ALL COMMODITIES","Retailer Assigned","All Sizes"
"3175","ALL","FOR USE WITH ALL COMMODITIES","Retailer Assigned","All Sizes"
"3176","ALL","FOR USE WITH ALL COMMODITIES","Retailer Assigned","All Sizes"
"3177","ALL","FOR USE WITH ALL COMMODITIES","Retailer Assigned","All Sizes"
"3178","ALL","FOR USE WITH ALL COMMODITIES","Retailer Assigned","All Sizes"
"3179","ALL","FOR USE WITH ALL COMMODITIES","Retailer Assigned","All Sizes"
"3180","ALL","FOR USE WITH ALL COMMODITIES","Retailer Assigned","All Sizes"
"3181","ALL","FOR USE WITH ALL COMMODITIES","Retailer Assigned","All Sizes"
"3182","ALL","FOR USE WITH ALL COMMODITIES","Retailer Assigned","All Sizes"
"3183","ALL","FOR USE WITH ALL COMMODITIES","Retailer Assigned","All Sizes"
"3184","ALL","FOR USE WITH ALL COMMODITIES","Retailer Assigned","All Sizes"
"3185","ALL","FOR USE WITH ALL COMMODITIES","Retailer Assigned","All Sizes"
"3186","ALL","FOR USE WITH ALL COMMODITIES","Retailer Assigned","All Sizes"
"3187","ALL","FOR USE WITH ALL COMMODITIES","Retailer Assigned","All Sizes"
"3188","ALL","FOR USE WITH ALL COMMODITIES","Retailer Assigned","All Sizes"
"3189","ALL","FOR USE WITH ALL COMMODITIES","Retailer Assigned","All Sizes"
"3190","ALL","FOR USE WITH ALL COMMODITIES","Retailer Assigned","All Sizes"
"3191","ALL","FOR USE WITH ALL COMMODITIES","Retailer Assigned","All Sizes"
"3192","ALL","FOR USE WITH ALL COMMODITIES","Retailer Assigned","All Sizes"
"3193","ALL","FOR USE WITH ALL COMMODITIES","Retailer Assigned","All Sizes"
"3194","ALL","FOR USE WITH ALL COMMODITIES","Retailer Assigned","All Sizes"
"3195","ALL","FOR USE WITH ALL COMMODITIES","Retailer Assigned","All Sizes"
"3196","ALL","FOR USE WITH ALL COMMODITIES","Retailer Assigned","All Sizes"
"3197","ALL","FOR USE WITH ALL COMMODITIES","Retailer Assigned","All Sizes"
"3198","ALL","FOR USE WITH ALL COMMODITIES","Retailer Assigned","All Sizes"
"3199","ALL","FOR USE WITH ALL COMMODITIES","Retailer Assigned","All Sizes"
"3200","ALL","FOR USE WITH ALL COMMODITIES","Retailer Assigned","All Sizes"
"3201","ALL","FOR USE WITH ALL COMMODITIES","Retailer Assigned","All Sizes"
"3202","ALL","FOR USE WITH ALL COMMODITIES","Retailer Assigned","All Sizes"
"3203","ALL","FOR USE WITH ALL COMMODITIES","Retailer Assigned","All Sizes"
"3204","ALL","FOR USE WITH ALL COMMODITIES","Retailer Assigned","All Sizes"
"3205","ALL","FOR USE WITH ALL COMMODITIES","Retailer Assigned","All Sizes"
"3206","ALL","FOR USE WITH ALL COMMODITIES","Retailer Assigned","All Sizes"
"3207","ALL","FOR USE WITH ALL COMMODITIES","Retailer Assigned","All Sizes"
"3208","ALL","FOR USE WITH ALL COMMODITIES","Retailer Assigned","All Sizes"
"3209","ALL","FOR USE WITH ALL COMMODITIES","Retailer Assigned","All Sizes"
"3210","ALL","FOR USE WITH ALL COMMODITIES","Retailer Assigned","All Sizes"
"3211","ALL","FOR USE WITH ALL COMMODITIES","Retailer Assigned","All Sizes"
"3212","ALL","FOR USE WITH ALL COMMODITIES","Retailer Assigned","All Sizes"
"3213","ALL","FOR USE WITH ALL COMMODITIES","Retailer Assigned","All Sizes"
"3214","ALL","FOR USE WITH ALL COMMODITIES","Retailer Assigned","All Sizes"
"3215","ALL","FOR USE WITH ALL COMMODITIES","Retailer Assigned","All Sizes"
"3216","ALL","FOR USE WITH ALL COMMODITIES","Retailer Assigned","All Sizes"
"3217","ALL","FOR USE WITH ALL COMMODITIES","Retailer Assigned","All Sizes"
"3218","ALL","FOR USE WITH ALL COMMODITIES","Retailer Assigned","All Sizes"
"3219","ALL","FOR USE WITH ALL COMMODITIES","Retailer Assigned","All Sizes"
"3220","ALL","FOR USE WITH ALL COMMODITIES","Retailer Assigned","All Sizes"
"3221","ALL","FOR USE WITH ALL COMMODITIES","Retailer Assigned","All Sizes"
"3222","ALL","FOR USE WITH ALL COMMODITIES","Retailer Assigned","All Sizes"
"3223","ALL","FOR USE WITH ALL COMMODITIES","Retailer Assigned","All Sizes"
"3224","ALL","FOR USE WITH ALL COMMODITIES","Retailer Assigned","All Sizes"
"3225","ALL","FOR USE WITH ALL COMMODITIES","Retailer Assigned","All Sizes"
"3226","ALL","FOR USE WITH ALL COMMODITIES","Retailer Assigned","All Sizes"
"3227","ALL","FOR USE WITH ALL COMMODITIES","Retailer Assigned","All Sizes"
"3228","ALL","FOR USE WITH ALL COMMODITIES","Retailer Assigned","All Sizes"
"3229","ALL","FOR USE WITH ALL COMMODITIES","Retailer Assigned","All Sizes"
"3230","ALL","FOR USE WITH ALL COMMODITIES","Retailer Assigned","All Sizes"
"3231","ALL","FOR USE WITH ALL COMMODITIES","Retailer Assigned","All Sizes"
"3232","ALL","FOR USE WITH ALL COMMODITIES","Retailer Assigned","All Sizes"
"3233","ALL","FOR USE WITH ALL COMMODITIES","Retailer Assigned","All Sizes"
"3234","ALL","FOR USE WITH ALL COMMODITIES","Retailer Assigned","All Sizes"
"3235","ALL","FOR USE WITH ALL COMMODITIES","Retailer Assigned","All Sizes"
"3236","ALL","FOR USE WITH ALL COMMODITIES","Retailer Assigned","All Sizes"
"3237","ALL","FOR USE WITH ALL COMMODITIES","Retailer Assigned","All Sizes"
"3238","ALL","FOR USE WITH ALL COMMODITIES","Retailer Assigned","All Sizes"
"3239","ALL","FOR USE WITH ALL COMMODITIES","Retailer Assigned","All Sizes"
"3240","ALL","FOR USE WITH ALL COMMODITIES","Retailer Assigned","All Sizes"
"3241","ALL","FOR USE WITH ALL COMMODITIES","Retailer Assigned","All Sizes"
"3242","ALL","FOR USE WITH ALL COMMODITIES","Retailer Assigned","All Sizes"
"3243","ALL","FOR USE WITH ALL COMMODITIES","Retailer Assigned","All Sizes"
"3244","ALL","FOR USE WITH ALL COMMODITIES","Retailer Assigned","All Sizes"
"3245","ALL","FOR USE WITH ALL COMMODITIES","Retailer Assigned","All Sizes"
"3246","ALL","FOR USE WITH ALL COMMODITIES","Retailer Assigned","All Sizes"
"3247","ALL","FOR USE WITH ALL COMMODITIES","Retailer Assigned","All Sizes"
"3248","ALL","FOR USE WITH ALL COMMODITIES","Retailer Assigned","All Sizes"
"3249","ALL","FOR USE WITH ALL COMMODITIES","Retailer Assigned","All Sizes"
"3250","ALL","FOR USE WITH ALL COMMODITIES","Retailer Assigned","All Sizes"
"3251","ALL","FOR USE WITH ALL COMMODITIES","Retailer Assigned","All Sizes"
"3252","ALL","FOR USE WITH ALL COMMODITIES","Retailer Assigned","All Sizes"
"3253","ALL","FOR USE WITH ALL COMMODITIES","Retailer Assigned","All Sizes"
"3254","ALL","FOR USE WITH ALL COMMODITIES","Retailer Assigned","All Sizes"
"3255","ALL","FOR USE WITH ALL COMMODITIES","Retailer Assigned","All Sizes"
"3256","ALL","FOR USE WITH ALL COMMODITIES","Retailer Assigned","All Sizes"
"3257","ALL","FOR USE WITH ALL COMMODITIES","Retailer Assigned","All Sizes"
"3258","ALL","FOR USE WITH ALL COMMODITIES","Retailer Assigned","All Sizes"
"3259","ALL","FOR USE WITH ALL COMMODITIES","Retailer Assigned","All Sizes"
"3260","ALL","FOR USE WITH ALL COMMODITIES","Retailer Assigned","All Sizes"
"3261","ALL","FOR USE WITH ALL COMMODITIES","Retailer Assigned","All Sizes"
"3262","ALL","FOR USE WITH ALL COMMODITIES","Retailer Assigned","All Sizes"
"3263","ALL","FOR USE WITH ALL COMMODITIES","Retailer Assigned","All Sizes"
"3264","ALL","FOR USE WITH ALL COMMODITIES","Retailer Assigned","All Sizes"
"3265","ALL","FOR USE WITH ALL COMMODITIES","Retailer Assigned","All Sizes"
"3266","ALL","FOR USE WITH ALL COMMODITIES","Retailer Assigned","All Sizes"
"3267","ALL","FOR USE WITH ALL COMMODITIES","Retailer Assigned","All Sizes"
"3268","ALL","FOR USE WITH ALL COMMODITIES","Retailer Assigned","All Sizes"
"3269","ALL","FOR USE WITH ALL COMMODITIES","Retailer Assigned","All Sizes"
"3270","ALL","FOR USE WITH ALL COMMODITIES","Retailer Assigned","All Sizes"
"3271","Fruits","APPLES","Virginia Gold"," All Sizes "
"3272","Fruits","APPLES","Sommerfeld"," All Sizes "
"3273","Vegetables","BEETS","Golden","All Sizes"
"3274","Fruits","PRUNES","Fresh","All Sizes"
"3275","Vegetables","NAME","Yellow (nyAH-may)","All Sizes"
"3276","Vegetables","NAME","White (nyAH-may)","All Sizes"
"3277","Vegetables","BROCCOLI","Baby","All Sizes"
"3278","Fruits","PLUMCOT (INTERSPECIFIC PLUM)","","All Sizes"
"3279","Fruits","KIWIFRUIT","Golden","All Sizes"
"3280","Fruits","KIWIFRUIT","Regular","Jumbo"
"3281","Fruits","MELON","Watermelon - Orange, Seedless","All Sizes"
"3282","Vegetables","TOMATOES","Plum/Italian/Saladette/Roma on the vine - Red","All Sizes"
"3283","Fruits","APPLES","Honeycrisp"," Large "
"3284","Fruits","APPLES","Red Delicious"," Extra Large "
"3285","Fruits","APPLES","Golden Delicious"," Extra Large "
"3286","Vegetables","ONIONS","Sweet red Italian - flat","All Sizes"
"3287","Fruits","BANANAS","Hawaiian plantain","All Sizes"
"3288","Vegetables","SWEET POTATO/YAM/KUMARA","Retailer Assigned","All Sizes"
"3289","Fruits","MELON","Sprite","All Sizes"
"3290","Fruits","APPLES","Aurora/Southern Rose"," Large "
"3291","Fruits","APPLES","Boskoop/Belle de Boskoop"," Small "
"3292","Fruits","APPLES","Boskoop/Belle de Boskoop"," Large "
"3293","Fruits","APPLES","Scifresh","  Small  "
"3294","Fruits","APPLES","Scifresh"," Large "
"3295","Fruits","APPLES","Sciearly"," Small "
"3296","Fruits","APPLES","Sciearly"," Large "
"3297","Fruits","APPLES","Scired"," All Sizes "
"3298","Fruits","APPLES","Redfield","All Sizes    "
"3299","Fruits","APPLES","Sonya"," Small "
"3300","Fruits","APPLES","Sonya"," Large "
"3301","Fruits","APPLES","Cripps Red"," Large "
"3302","Fruits","APRICOTS","Regular","Large"
"3303","Fruits","BABACO","","All Sizes"
"3304","Fruits","BERRIES","Loganberries","All Sizes"
"3305","Fruits","CURRANTS","Black","All Sizes"
"3306","Fruits","MELON","Charentais","Medium"
"3307","Fruits","MELON","Charentais","Extra Large"
"3308","Fruits","MELON","Watermelon - Orange, Seedless","All Sizes"
"3309","Fruits","ORANGES","Lima","All Sizes"
"3310","Fruits","ORANGES","Pera","All Sizes"
"3311","Fruits","PASSION FRUIT","Curuba/Banana","All Sizes"
"3312","Fruits","PASSION FRUIT","Granadilla - Yellow/Maracuja","All Sizes"
"3313","Fruits","PEACHES","White Flesh - Tree Ripened/ Ready-to-eat"," Small "
"3314","Fruits","PEACHES","White Flesh - Tree Ripened/ Ready-to-eat"," Large "
"3315","Fruits","APPLES","Scilate","Small"
"3316","Fruits","PEARS","Carmen","All Sizes"
"3317","Fruits","PEARS","Angelys","All Sizes "
"3318","Fruits","PEARS","Passe Crassane","Large"
"3319","Fruits","PITAHAYA","Yellow (skin color)","All Sizes"
"3320","Vegetables","CAULIFLOWER","Romanesco/Broccoflower/Caulibroc","All Sizes"
"3321","Vegetables","CELERY ROOT/CELERIAC","With leaves attached","All Sizes"
"3322","Vegetables","CHOY SUM/PAK CHOI SUM","","All Sizes"
"3323","Vegetables","CHOY SUM/PAK CHOI SUM","Baby","All Sizes"
"3324","Vegetables","ESCAROLE/BATAVIAN CHICORY","Red","All Sizes "
"3325","Vegetables","LETTUCE","Lollo Bionda/Coral - Green","All Sizes "
"3326","Vegetables","LETTUCE","Lollo Rossa/Coral - Red","All Sizes "
"3327","Vegetables","LETTUCE","Mignonette (Compact red-tinged butterhead varieties)","All Sizes"
"3328","Vegetables","LETTUCE","Mixed small-leaf salad (eg Sucrine, Mesclun, Rocket/Arugula)","All Sizes "
"3329","Vegetables","LETTUCE","Oak Leaf - Green","All Sizes "
"3330","Vegetables","LETTUCE","Oak Leaf - Reg","All Sizes "
"3331","Vegetables","ONIONS","Red Fresh - Bunch","All Sizes"
"3332","Vegetables","SPINACH","Baby","All Sizes"
"3333","Vegetables","SWEET POTATO/YAM/KUMARA","Red/Orangy White Flesh","Small"
"3334","Vegetables","SWEET POTATO/YAM/KUMARA","Red/Orangy White Flesh","Large"
"3335","Vegetables","TOMATOES","Cocktail/Intermediate - Red/On the Vine (Truss)","All Sizes"
"3336","Vegetables","TOMATOES","Cocktail/Intermediate - Red/Plum/Italian/Saladette/Roma/On the Vine (Truss)","All Sizes"
"3337","Dried Fruits","FIGS","(Dried Fruit)","All Sizes"
"3338","Herbs","ANISE","","All Sizes"
"3339","Fruits","APPLES","Belchard - Chantecler"," All Sizes "
"3340","Fruits","APPLES","Bertanne/Golden Russet"," All Sizes "
"3341","Fruits","APPLES","Charles Ross"," All Sizes "
"3342","Fruits","APPLES","Delblush"," All Sizes  "
"3343","Fruits","APPLES","Dessert"," All Sizes "
"3344","Fruits","APPLES","Gloster"," Small "
"3345","Fruits","APPLES","Gloster"," Large "
"3346","Fruits","APPLES","Holstein"," All Sizes "
"3347","Fruits","APPLES","Laxtons Fortune"," All Sizes "
"3348","Fruits","APPLES","Lord Lambourne"," All Sizes "
"3349","Fruits","APPLES","Michaelmas Red"," All Sizes "
"3350","Fruits","APPLES","Reine des Reinettes/King of the Pippins"," Small "
"3351","Fruits","APPLES","Reine des Reinettes/King of the Pippins"," Large "
"3352","Fruits","APPLES","Reinettes and Heritage varieties - (incl Canada blanc Reinette du Mans, Armorique/du Vigan/Calville"," All Sizes "
"3353","Fruits","APPLES","St Edmunds Pippin"," All Sizes "
"3354","Fruits","AVOCADOS","Ripe/Ready-to-Eat","All Sizes "
"3355","Fruits","BERRIES","Strawberries - Nominal 500g/1 litre","All Sizes"
"3356","Fruits","BERRIES","Strawberries - Nominal250g/1/2 litre","All Sizes"
"3357","Fruits","CHERRIES","Regular/Red/Black","Small"
"3358","Fruits","CHERRIES","Regular/Red/Black","Large"
"3359","Fruits","GRAPES","Chasselas","All Sizes"
"3360","Fruits","GRAPES","Muscat de Hambourg","All Sizes"
"3361","Fruits","GRAPEFRUIT","Without p/harvest treatment","All Sizes"
"3362","Fruits","LEMONS","Without postharvest treatment","All Sizes"
"3363","Fruits","MANGO","Bowen & Kensington Pride","All Sizes"
"3364","Fruits","MANGO","R2E2 (ArtwoEetwo)","All Sizes"
"3365","Fruits","MANGO","Ripe/Ready-to-Eat","All Sizes"
"3366","Fruits","MADROÃ‘A","","All Sizes"
"3367","Fruits","MELON","Glasshouse - Netted varieties","All Sizes "
"3368","Fruits","MELON","Ogen","All Sizes"
"3369","Fruits","NECTARINE","Nectavigne (Red Flesh)","All Sizes"
"3370","Fruits","ORANGES","Maltaise","All Sizes"
"3371","Fruits","ORANGES","Salustiana","All Sizes"
"3372","Fruits","ORANGES","Navelate (and other late Navel varieties)","All Sizes"
"3373","Fruits","ORANGES","Navelina (incl. Newhall)","All Sizes"
"3374","Fruits","ORANGES","Without postharvest treatment","All Sizes"
"3375","Fruits","PEACHES","de Vigne & Sanguine (Red Flesh)"," All Sizes "
"3376","Fruits","PEARS","Alexander Lucas","All Sizes"
"3377","Fruits","PEARS","Louise Bonne","All Sizes"
"3378","Fruits","PEARS","Santa Maria","All Sizes"
"3379","Fruits","PINEAPPLE","Mini","All Sizes"
"3380","Fruits","PINEAPPLE","Perola","All Sizes"
"3381","Fruits","SOURSOP","","All Sizes"
"3382","Fruits","SUGAR APPLE","","All Sizes"
"3383","Fruits","TANGERINES/MANDARINS","Clementine","Small"
"3384","Fruits","TANGERINES/MANDARINS","Clementine","Medium"
"3385","Fruits","TANGERINES/MANDARINS","Clementine","Large"
"3386","Fruits","TANGERINES/MANDARINS","Clementine (With leaves attached)","All Sizes"
"3387","Fruits","TANGERINES/MANDARINS","Clementine (Without p/harvest treatment)","All Sizes"
"3388","Fruits","TANGERINES/MANDARINS","Satsuma -Clauselina","All Sizes"
"3389","Fruits","TANGERINES/MANDARINS","Satsuma","All Sizes"
"3390","Vegetables","ARRACACH","","All Sizes "
"3391","Vegetables","ARTICHOKES","Rouge Salambo (Red)","All Sizes "
"3392","Vegetables","ASPARAGUS","Green - Bunch","All Sizes"
"3393","Vegetables","ASPARAGUS","White - Bunch","All Sizes"
"3394","Vegetables","ASPARAGUS","Purple - Bunch","All Sizes"
"3395","Vegetables","BELGIAN ENDIVE (WITLOOF CHICORY)","Red","All Sizes"
"3396","Vegetables","CABBAGE","Savoy, Red","All Sizes"
"3397","Vegetables","CABBAGE","Summer Cabbage - Pointed type","All Sizes"
"3398","Vegetables","CHICKPEAS","Chickpeas/Garbanzo","All Sizes"
"3399","Vegetables","GARLIC","Regular - Fresh/Semi-dried with leaves attached","All Sizes"
"3400","Vegetables","GARLIC","Regular - Smoked","All Sizes"
"3401","Vegetables","GARLIC","One-clove types","All Sizes"
"3402","Vegetables","LEEKS","Regular - Bunch","All Sizes"
"3403","Vegetables","LEEKS","Baby - Bunch","All Sizes"
"3404","Vegetables","MUSHROOMS","Cep","All Sizes"
"3405","Vegetables","MUSHROOMS","Fairy Ring Champignon","All Sizes"
"3406","Vegetables","MUSHROOMS","Grey - Tricholoma","All Sizes"
"3407","Vegetables","MUSHROOMS","Grisette","All Sizes"
"3408","Vegetables","MUSHROOMS","Horn of Plenty/Black Trumpet","All Sizes"
"3409","Vegetables","MUSHROOMS","Pioppino","All Sizes"
"3410","Vegetables","MUSHROOMS","Saffron Milk-Cap","All Sizes"
"3411","Vegetables","MUSHROOMS","Sheep Polypore","All Sizes"
"3412","Vegetables","ONIONS","Yellow/Brown Fresh - Bunch","All Sizes"
"3413","Vegetables","PEPPERS (CAPSICUMS)","Tabasco","All Sizes"
"3414","Vegetables","POTATO","Baking - White","All Sizes"
"3415","Vegetables","POTATO","Baking - Red and Red Eye varieties","All Sizes"
"3416","Vegetables","RHUBARB","Bunch"," All Sizes "
"3417","Vegetables","SPINACH","New Zealand Spinach","All Sizes"
"3418","Vegetables","SQUASH","Zucchini/Courgette - Round","All Sizes"
"3419","Herbs","BORAGE","","All Sizes"
"3420","Fruits","PEARS","Belle du Jumet","All Sizes "
"3421","Fruits","MELON","Watermelon - Mini Seedless","3-7 LBS"
"3422","Fruits","APRICOTS","InterSpecific","All Sizes"
"3423","Vegetables","TOMATOES","Heirloom ","All Sizes"
"3424","Vegetables","CARROTS","Purple/Red - Beta Sweet","All Sizes"
"3425","Fruits","TANGERINES/MANDARINS","Ellendale","Small"
"3426","Fruits","TANGERINES/MANDARINS","Ellendale","Medium"
"3427","Fruits","TANGERINES/MANDARINS","Ellendale","Large"
"3428","Fruits","TANGERINES/MANDARINS","Honey/Murcott","Small"
"3429","Fruits","TANGERINES/MANDARINS","Honey/Murcott","Medium"
"3430","Fruits","TANGERINES/MANDARINS","Honey/Murcott","Large"
"3431","Fruits","TANGERINES/MANDARINS","Imperial","Small"
"3432","Fruits","TANGERINES/MANDARINS","Imperial","Medium"
"3433","Fruits","TANGERINES/MANDARINS","Imperial","Large"
"3434","Fruits","PEARS","Tosca","All Sizes"
"3435","Fruits","APPLES","Pinova"," All Sizes "
"3436","Vegetables","CAULIFLOWER","Orange","All Sizes"
"3437","Fruits","NECTARINE","Flat Yellow","All Sizes"
"3438","Fruits","APPLES","Ambrosia"," All other sizes    "
"3439","Fruits","NECTARINE","White Flesh Flat","All Sizes"
"3440","Fruits","POMEGRANATE","","Large"
"3441","Vegetables","SQUASH","Butterkin","All Sizes "
"3442","Fruits","APPLES","New York 1","All Sizes "
"3443","Fruits","APPLES","New York 2","All Sizes "
"3444","Fruits","APPLES","Green Dragon","All Sizes "
"3445","Fruits","APPLES","DS 3","All Sizes "
"3446","Vegetables","KALE SPROUTS","","All Sizes "
"3447","Fruits","APPLES","DS 22","All Sizes "
"3448","Fruits","CHERRIES","Tip Top"," All Sizes  "
"3449","Fruits","GRAPES","Sugrathirteen","All Sizes "
"3450","Fruits","GRAPES","Sugranineteen","All Sizes "
"3451","Fruits","GRAPES","Sugrathirtyfour","All Sizes "
"3452","Fruits","GRAPES","Sugrathirtyfive","All Sizes "
"3453","Vegetables","GALANGAL ROOT","","All Sizes "
"3454","Fruits","JACKFRUIT","Green","All Sizes "
"3455","Fruits","JACKFRUIT","Yellow","All Sizes "
"3456","Fruits","MELON","Winter","All Sizes "
"3457","Fruits","PLUMS","President","All Sizes  "
"3458","Vegetables","TOMATOES","Cherry - Orange","All Sizes "
"3459","Fruits","PERSIMMON","Shiny Red","All Sizes "
"3460","Fruits","APPLES","Red Jonaprince"," All Sizes  "
"3461","Fruits","APPLES","Lady Williams"," All Sizes  "
"3462","Herbs","CHIVES","Garlic/Chinese","All Sizes "
"3463","Vegetables","Amaranth/Callaloo/Een Choy","","All Sizes "
"3464","Fruits","MANGO","B-74","All Sizes  "
"3465","Vegetables","PEPPERS (CAPSICUMS)","Stripy Bell","All Sizes   "
"3466","Fruits","PEARS","Cape Rose","All Sizes "
"3467","Fruits","APPLES","Regal 13-82"," All Sizes  "
"3468","Fruits","APPLES","Honeycrisp"," Small  "
"3469","Fruits","GRAPES","Sugrasixteen","All Sizes "
"3470","Fruits","MELON","Watermelon - Red, Small Seeds","All Sizes  "
"3471","Vegetables","CACTUS LEAVES (Nopales/Cactus Pads)","Baby","All Sizes   "
"3472","Herbs","SACRED PEPPER","","All Sizes "
"3473","Herbs","EPAZOTE","","All Sizes "
"3474","Vegetables","SWEET POTATO/YAM/KUMARA","Saffron","All Sizes "
"3475","Herbs","MINT","Peppermint","All Sizes  "
"3476","Herbs","ORANGE TREE LEAF","","All Sizes   "
"3477","Herbs","PAPALO","","All Sizes "
"3478","Vegetables","QUELITES","","All Sizes "
"3479","Vegetables","CHIPILIN LEAF","","All Sizes "
"3480","Vegetables","PUMPKIN VINE","","All Sizes  "
"3481","Vegetables","XPELON","","All Sizes   "
"3482","Herbs","RABBIT HERB","","All Sizes "
"3483","Herbs","PURPLE HERB","","All Sizes "
"3484","Fruits","APPLES","Dalinette","   All Sizes    "
"3485","Fruits","PEARS","Harovin Sundown"," All Sizes  "
"3486","Fruits","APPLES","CN121","All Sizes "
"3487","Fruits","APPLES","MN 55","All Sizes  "
"3488","Fruits","MANGO","Red","Extra Large  "
"3489","Fruits","PEARS","Cepuna","All Sizes   "
"3490","Fruits","APPLES","MAIA 1","All sizes  "
"3491","Fruits","GRAPES","ARRA FIFTEEN","All Sizes  "
"3492","Fruits","GRAPES","ARRA TWENTYNINE","All Sizes   "
"3493","Vegetables","ONIONS","Tearless Sweet","All Sizes "
"3494","Fruits","MELON","Watermelon - Yellow Mini Seedless","3-7 LBS"
"3495","Fruits","PEARS","Celina","All Sizes  "
"3496","Fruits","GRAPES","IFG Core Red Seedless","All Sizes   "
"3497","Fruits","GRAPES","IFG Core Black Seedless ","All Sizes "
"3498","Fruits","GRAPES","IFG Core Green Seedless","All Sizes  "
"3499","Fruits","GRAPES","IFG Novelty Red Seedless","All Sizes   "
"3500","Fruits","GRAPES","IFG Novelty Black Seedless","All Sizes "
"3501","Fruits","GRAPES","IFG Novelty Green Seedless","All Sizes  "
"3502","Fruits","GRAPES","ARRA TWENTYSEVEN","All Sizes   "
"3503","Fruits","GRAPES","ARRA TWENTYEIGHT","All Sizes "
"3504","Fruits","GRAPES","ARRA THIRTY","All Sizes  "
"3505","Fruits","GRAPES","ARRA THIRTYTWO","All Sizes   "
"3506","Fruits","GRAPES","Sweet Scarlet","All Sizes "
"3507","Fruits","APPLES","WA 38","All Sizes  "
"3508","Fruits","GRAPES","Thomcord","All Sizes   "
"3509","Fruits","AVOCADOS","GEM","All Sizes "
"3510","Fruits","APPLES","Ambrosia"," Small "
"3511","Fruits","APPLES","WA 2","   All sizes      "
"3512","Vegetables","TOMATOES","Round","All sizes  "
"3513","Fruits","APPLES","Shinano Gold","  All sizes  "
"3514","Fruits","APPLES","Fengapi"," All sizes "
"3515","ALL","APPLES","PremA 153"," Small"
"3516","Fruits","APPLES","PremA 153","Large "
"3517","Fruits","KIWIFRUIT","Retailer Assigned - Gold Derivative Varieties"," All sizes "
"3518","Fruits","PEARS","Oksana","  All sizes  "
"3519","Fruits","APPLES","R10-45","    All sizes    "
"3520","Vegetables","ONIONS","SK-20","  All sizes  "
"3521","Fruits","APPLES","Regal D5-100","  All sizes  "
"3522","Fruits","PEARS","HW624","  All sizes  "
"3523","Fruits","APPLES","SQ 159","      All sizes      "
"3600","Fruits","APPLES","Antares"," All Sizes "
"3601","Fruits","APPLES","Huaguan"," All Sizes "
"3602","Fruits","APPLES","Belgica"," All Sizes "
"3603","Fruits","APPLES","Minneiska","All Sizes"
"3604","Fruits","APPLES","Emmons"," All Sizes "
"3605","Fruits","APPLES","Nicoter","  All Sizes  "
"3606","Fruits","PEARS","Sweet Sensation","All Sizes"
"3607","Fruits","APPLES","Mariri Red"," All Sizes "
"3608","Fruits","APPLES","Sciros"," Large "
"3609","Fruits","PLUMCOT (INTERSPECIFIC PLUM)","Red","All Sizes"
"3610","Fruits","PLUMCOT (INTERSPECIFIC PLUM)","Green","All Sizes"
"3611","Fruits","PLUMCOT (INTERSPECIFIC PLUM)","Black","All Sizes"
"3612","Fruits","APPLES","Nicogreen"," All Sizes "
"3613","Fruits","APPLES","Fuji Brak"," All Sizes "
"3614","Fruits","APRICOTS","Red","All Sizes"
"3615","Fruits","APPLES","Civni"," All Sizes "
"3616","Fruits","APPLES","Scilate","Large"
"3617","Fruits","LEMONS","Seedless","All Sizes"
"3618","Fruits","APPLES","Opal"," All Sizes "
"3619","Fruits","APPLES","Milwa"," All Sizes "
"3620","Fruits","APPLES","Plumac","All Sizes "
"3621","Fruits","MANGO","Francis","All Sizes"
"3622","Fruits","MELON","Honey Green","All Sizes  "
"3623","Fruits","MELON","Hami","All Sizes"
"3624","Fruits","MELON","Korean","All Sizes "
"3625","Fruits","APPLES","Minnewashta","All Sizes"
"3626","Fruits","LEMONS","Meyer","All Sizes"
"3627","Fruits","APPLES","PremA17","  Large   "
"3628","Fruits","APPLES","PremA280"," All Sizes "
"3629","Fruits","APPLES","CIVG198"," All Sizes "
"3630","Fruits","APPLES","Co-op 43","All Sizes"
"3631","Vegetables","PUMPKIN","Pink","All Sizes "
"3632","Fruits","TANGERINES/MANDARINS","Dekopon","All Sizes "
"4011","Fruits","BANANAS","Yellow (includes Cavendish)","All Sizes"
"4012","Fruits","ORANGES","Navel","Large"
"4013","Fruits","ORANGES","Navel","Small"
"4014","Fruits","ORANGES","Valencia","Small"
"4014","Fruits","ORANGES","Valencia","Small"
"4015","Fruits","APPLES","Red Delicious"," Small "
"4016","Fruits","APPLES","Red Delicious"," Large "
"4017","Fruits","APPLES","Granny Smith"," Large "
"4018","Fruits","APPLES","Granny Smith"," Large "
"4019","Fruits","APPLES","McIntosh"," Large "
"4020","Fruits","APPLES","Golden Delicious"," Large "
"4021","Fruits","APPLES","Golden Delicious"," Small "
"4022","Fruits","GRAPES","White/Green Seedless - Peerlette Seedless/Thompson Seedless","All Sizes"
"4023","Fruits","GRAPES","Red Seedless - Flame/Ruby/Emperatriz","All Sizes"
"4024","Fruits","PEARS","Bartlett/Williams/WBC","Small"
"4025","Fruits","PEARS","Anjou","Small"
"4026","Fruits","PEARS","Bosc/Beurre Bosc","Small"
"4027","Fruits","GRAPEFRUIT","Ruby/Red/Pink (includes Ray Ruby, Ruby, Ruby Red)","Small"
"4028","Fruits","BERRIES","Strawberries","Pint"
"4029","Fruits","PINEAPPLE","","Small"
"4030","Fruits","KIWIFRUIT","Regular","All Sizes"
"4031","Fruits","MELON","Watermelon - Red   ","All Sizes"
"4032","Fruits","MELON","Watermelon - Red, Seedless","All Sizes"
"4033","Fruits","LEMONS","","Small"
"4034","Fruits","MELON","Honeydew/White Honeydew","Large"
"4035","Fruits","NECTARINE","Yellow Flesh","Small"
"4036","Fruits","NECTARINE","Yellow Flesh","Large"
"4037","Fruits","PEACHES","Yellow Flesh"," Small "
"4038","Fruits","PEACHES","Yellow Flesh"," Large "
"4039","Fruits","PLUMS","Black (Includes Ambra, Black Beaut, Prima Black, Blackamber, Black Torch, Catalina, Challenger, Black Diamond, Friar, Royal Diamond, Black Knight, Freedom, Black Flame, Howard Sun, Angeleno)","Small"
"4040","Fruits","PLUMS","Black (Includes Ambra, Black Beaut, Prima Black, Blackamber, Black Torch, Catalina, Challenger, Black Diamond, Friar, Royal Diamond, Black Knight, Freedom, Black Flame, Howard Sun, Angeleno)","Large"
"4041","Fruits","PLUMS","Red (Includes Santa Rosa, Late Santa Rosa, Red Beaut, Rich Red, Spring Beaut, First Beaut, Royal Red, Red Jewel, Rose Zee, Royal Zee, Ace, Aleta Rose, Burgandy, July Santa Rosa, Frontier, Fortune, Grand Rosa, Red Lane, Red Rosa, Casselman, Autumn Rosa, Mi","Small"
"4042","Fruits","PLUMS","Red (Includes Santa Rosa, Late Santa Rosa, Red Beaut, Rich Red, Spring Beaut, First Beaut, Royal Red, Red Jewel, Rose Zee, Royal Zee, Ace, Aleta Rose, Burgandy, July Santa Rosa, Frontier, Fortune, Grand Rosa, Red Lane, Red Rosa, Casselman, Autumn Rosa, Mi","Large"
"4043","Fruits","PEACHES","Yellow Flesh - Tree Ripened/Ready-to-eat"," Small "
"4044","Fruits","PEACHES","Yellow Flesh - Tree Ripened/Ready-to-eat"," Large "
"4045","Fruits","CHERRIES","Regular/Red/Black","All Sizes"
"4046","Fruits","AVOCADOS","Hass","Small"
"4047","Fruits","GRAPEFRUIT","Ruby/Red/Pink (Includes Ray Ruby, Ruby, Ruby Red)","Small"
"4048","Fruits","LIMES","Regular (incl. Persian, Tahiti & Bearss)","All Sizes"
"4049","Fruits","MELON","Cantaloupe/Rockmelon","Small"
"4050","Fruits","MELON","Cantaloupe/Rockmelon","Large"
"4051","Fruits","MANGO","Red (Includes Tommy Atkins, Kent, Palmer, Vandyke, Edward,Hayden)","Small"
"4052","Fruits","PAPAYA/PAWPAW","Regular","Small"
"4053","Fruits","LEMONS","","Large"
"4054","Fruits","BERRIES","Raspberries - Red","All Sizes"
"4055","Fruits","TANGERINES/MANDARINS","","All Sizes"
"4056","Fruits","GRAPES","Blue/Black Seedless (All other varieties not listed above including Beauty and Autumn Royal)","All Sizes"
"4057","Fruits","APPLES","Haralson"," Small "
"4058","Fruits","APPLES","Haralson"," Large "
"4060","Vegetables","BROCCOLI","","All Sizes"
"4061","Vegetables","LETTUCE","Iceberg","All Sizes"
"4062","Vegetables","CUCUMBER","Green/Ridge/Short","All Sizes"
"4063","Vegetables","TOMATOES","Regular - Red","Small"
"4064","Vegetables","TOMATOES","Regular - Red","Large"
"4065","Vegetables","PEPPERS (CAPSICUMS)","Bell, Field Grown - Green","Large"
"4066","Vegetables","BEANS","Green/French","All Sizes"
"4067","Vegetables","SQUASH","Zucchini/Courgette","All Sizes"
"4068","Vegetables","ONIONS","Green (Scallions)/Spring","All Sizes"
"4069","Vegetables","CABBAGE","Green","All Sizes "
"4070","Vegetables","CELERY","Bunch","Small"
"4071","Vegetables","CELERY","Bunch","Small"
"4072","Vegetables","POTATO","Russet","All Sizes"
"4073","Vegetables","POTATO","Red","All Sizes"
"4074","Vegetables","SWEET POTATO/YAM/KUMARA","Red/Orangy Red Flesh","Small"
"4075","Vegetables","LETTUCE","Red Leaf","All Sizes "
"4076","Vegetables","LETTUCE","Green Leaf","All Sizes "
"4077","Vegetables","CORN","Sweet Corn, White","All Sizes"
"4078","Vegetables","CORN","Sweet Corn, Yellow","All Sizes"
"4079","Vegetables","CAULIFLOWER","","Small"
"4080","Vegetables","ASPARAGUS","Green","Small"
"4081","Vegetables","EGGPLANT (AUBERGINE)","Regular","All Sizes"
"4082","Vegetables","ONIONS","Red","All Sizes"
"4083","Vegetables","POTATO","White","All Sizes"
"4084","Vegetables","ARTICHOKES","","Large"
"4085","Vegetables","MUSHROOMS","Regular","Large"
"4086","Vegetables","SQUASH","Yellow Zucchini/Gold Bar/Yellow Courgette","All Sizes"
"4087","Vegetables","TOMATOES","Plum/Italian/Saladette/Roma - Red","All Sizes"
"4088","Vegetables","PEPPERS (CAPSICUMS)","Bell, Field Grown - Red","All Sizes"
"4089","Vegetables","RADISH","Bunched Red","All Sizes"
"4090","Vegetables","SPINACH","Regular/Bunched","All Sizes"
"4091","Vegetables","SWEET POTATO/YAM/KUMARA","White","All Sizes"
"4092","Vegetables","PEAS","Chinese Snow Pea/Pea Pod/Mange Tout","All Sizes"
"4093","Vegetables","ONIONS","Yellow/Brown","Large"
"4094","Vegetables","CARROTS","Bunch","All Sizes"
"4095","Vegetables","TURNIP","Yellow","All Sizes"
"4096","Fruits","APPLES","Ginger Gold"," Large "
"4097","Fruits","APPLES","Ginger Gold"," Small "
"4098","Fruits","APPLES","Akane"," Small "
"4099","Fruits","APPLES","Akane"," Large "
"4100","Fruits","APPLES","Fireside","  Small  "
"4101","Fruits","APPLES","Braeburn"," Small "
"4102","Fruits","APPLES","Fireside"," Large "
"4103","Fruits","APPLES","Braeburn"," Large "
"4104","Fruits","APPLES","Cortland"," Small "
"4105","Fruits","APPLES","Cox Orange Pippin"," All Sizes "
"4106","Fruits","APPLES","Cortland"," Large "
"4107","Fruits","APPLES","Crab"," All Sizes "
"4108","Fruits","APPLES","Crispin/Mutsu"," Small "
"4109","Fruits","APPLES","Crispin/Mutsu"," Small "
"4110","Fruits","APPLES","Crispin/Mutsu"," Large "
"4111","Fruits","APPLES","Crispin/Mutsu"," Large "
"4112","Fruits","APPLES","Regent"," Small "
"4113","Fruits","APPLES","Criterion"," Small "
"4114","Fruits","APPLES","Regent"," Large "
"4115","Fruits","APPLES","Criterion"," Large "
"4116","Fruits","APPLES","Early"," Small "
"4117","Fruits","APPLES","Early"," Small "
"4118","Fruits","APPLES","Early"," Large "
"4119","Fruits","APPLES","Early"," Large "
"4120","Fruits","APPLES","Fiesta"," All Sizes "
"4121","Fruits","APPLES","Elstar"," Small "
"4122","Fruits","APPLES","Sciros"," Small "
"4123","Fruits","APPLES","Elstar"," Large "
"4124","Fruits","APPLES","Empire"," Small "
"4125","Fruits","APPLES","Empire"," Small "
"4126","Fruits","APPLES","Empire"," Large "
"4127","Fruits","APPLES","Empire"," Large "
"4128","Fruits","APPLES","Cripps Pink"," Small "
"4129","Fruits","APPLES","Fuji"," Small "
"4130","Fruits","APPLES","Cripps Pink"," Large "
"4131","Fruits","APPLES","Fuji"," Large "
"4132","Fruits","APPLES","Gala"," Small "
"4133","Fruits","APPLES","Gala"," Small "
"4134","Fruits","APPLES","Gala"," Large "
"4135","Fruits","APPLES","Gala"," Large "
"4136","Fruits","APPLES","Golden Delicious"," Small "
"4137","Fruits","APPLES","Golden Delicious"," Large "
"4138","Fruits","APPLES","Granny Smith"," Small "
"4139","Fruits","APPLES","Granny Smith"," Small "
"4140","Fruits","APPLES","Idared"," Small "
"4141","Fruits","APPLES","Jonamac"," Small "
"4142","Fruits","APPLES","Idared"," Large "
"4143","Fruits","APPLES","Jonamac"," Large "
"4144","Fruits","APPLES","Jonagold"," Small "
"4145","Fruits","APPLES","Jonagold"," Small "
"4146","Fruits","APPLES","Jonagold"," Large "
"4147","Fruits","APPLES","Jonagold"," Large "
"4148","Fruits","APPLES","Jonathan"," Small "
"4149","Fruits","APPLES","Jonathan"," Small "
"4150","Fruits","APPLES","Jonathan"," Large "
"4151","Fruits","APPLES","Jonathan"," Large "
"4152","Fruits","APPLES","McIntosh"," Small "
"4153","Fruits","APPLES","McIntosh"," Small "
"4154","Fruits","APPLES","McIntosh"," Large "
"4155","Fruits","APPLES","Paulared"," Small "
"4156","Fruits","APPLES","Gravenstein"," Small "
"4157","Fruits","APPLES","Paulared"," Large "
"4158","Fruits","APPLES","Gravenstein"," Large "
"4159","Vegetables","ONIONS","Vidalia","All Sizes"
"4160","Fruits","APPLES","Pippin"," Small "
"4161","Vegetables","ONIONS","Texas Sweet","All Sizes"
"4162","Fruits","APPLES","Pippin"," Large "
"4163","Vegetables","ONIONS","Walla Walla","All Sizes"
"4164","Vegetables","ONIONS","Maui","All Sizes"
"4165","Vegetables","ONIONS","California Sweet","All Sizes"
"4166","Vegetables","ONIONS","Other Sweet","All Sizes"
"4167","Fruits","APPLES","Red Delicious"," Small "
"4168","Fruits","APPLES","Red Delicious"," Large "
"4169","Fruits","APPLES","Rome"," Small "
"4170","Fruits","APPLES","Rome"," Small "
"4171","Fruits","APPLES","Rome"," Large "
"4172","Fruits","APPLES","Rome"," Large "
"4173","Fruits","APPLES","Royal Gala"," Small "
"4174","Fruits","APPLES","Royal Gala"," Large "
"4176","Fruits","APPLES","Southern Snap"," All Sizes "
"4177","Fruits","APPLES","Spartan"," Small "
"4178","Fruits","APPLES","Spartan"," Small "
"4179","Fruits","APPLES","Spartan"," Large "
"4180","Fruits","APPLES","Spartan"," Large "
"4181","Fruits","APPLES","Stayman"," Small "
"4182","Fruits","APPLES","Sturmer Pippin"," All Sizes "
"4183","Fruits","APPLES","Stayman"," Large "
"4185","Fruits","APPLES","York"," Small "
"4186","Fruits","BANANAS","Yellow (includes Cavendish)","Small"
"4187","Fruits","APPLES","York"," Large "
"4188","Fruits","NECTARINE","White Flesh, Tree Ripened, Ready-to-eat","Small"
"4189","Fruits","APPLES","Winesap"," Small "
"4190","Fruits","APPLES","Winesap"," Small "
"4191","Fruits","APPLES","Winesap"," Large "
"4192","Fruits","APPLES","Winesap"," Large "
"4193","Fruits","APPLES","Retailer Assigned"," All Sizes "
"4194","Fruits","APPLES","Retailer Assigned"," All Sizes "
"4195","Fruits","APPLES","Retailer Assigned"," All Sizes "
"4196","Fruits","APPLES","Retailer Assigned"," All Sizes "
"4197","Fruits","APPLES","Retailer Assigned"," All Sizes "
"4198","Fruits","APPLES","Retailer Assigned"," All Sizes "
"4199","Fruits","APPLES","Retailer Assigned"," All Sizes "
"4200","Fruits","APPLES","Retailer Assigned"," All Sizes "
"4201","Fruits","APPLES","Retailer Assigned"," All Sizes "
"4202","Fruits","APPLES","Retailer Assigned"," All Sizes "
"4203","Fruits","APPLES","Retailer Assigned"," All Sizes "
"4204","Fruits","APPLES","Retailer Assigned"," All Sizes "
"4205","Fruits","APPLES","Retailer Assigned"," All Sizes "
"4206","Fruits","APPLES","Retailer Assigned"," All Sizes "
"4207","Fruits","APPLES","Retailer Assigned"," All Sizes "
"4208","Fruits","APPLES","Retailer Assigned"," All Sizes "
"4209","Fruits","APPLES","Retailer Assigned"," All Sizes "
"4210","Fruits","APPLES","Retailer Assigned"," All Sizes "
"4211","Fruits","APPLES","Retailer Assigned"," All Sizes "
"4212","Fruits","APPLES","Retailer Assigned"," All Sizes "
"4213","Fruits","APPLES","Retailer Assigned"," All Sizes "
"4214","Fruits","APPLES","Retailer Assigned"," All Sizes "
"4215","Fruits","APPLES","Retailer Assigned"," All Sizes "
"4216","Fruits","APPLES","Retailer Assigned"," All Sizes "
"4217","Fruits","APPLES","Retailer Assigned"," All Sizes "
"4218","Fruits","APRICOTS","Regular","Small"
"4219","Fruits","APRICOTS","Retailer Assigned","   All Sizes   "
"4220","Fruits","ATEMOYAS","","All Sizes "
"4221","Fruits","AVOCADOS","Green","Small "
"4222","Fruits","AVOCADOS","Green","Small "
"4223","Fruits","AVOCADOS","Green","Large "
"4224","Fruits","AVOCADOS","Green","Large "
"4225","Fruits","AVOCADOS","Hass","Large"
"4226","Fruits","AVOCADOS","Cocktail/Seedless","All Sizes "
"4227","Fruits","AVOCADOS","Retailer Assigned","All Sizes"
"4228","Fruits","AVOCADOS","Retailer Assigned","All Sizes"
"4229","Fruits","BANANAS","Burro","All Sizes"
"4230","Fruits","BANANAS","Dominique","All Sizes"
"4231","Fruits","BANANAS","Green","All Sizes"
"4232","Fruits","BANANAS","Leaves","All Sizes"
"4233","Fruits","BANANAS","Apple/Manzano","All Sizes"
"4234","Fruits","BANANAS","baby/Nino","All Sizes"
"4235","Fruits","BANANAS","Plantain/Macho","All Sizes"
"4236","Fruits","BANANAS","Red","All Sizes"
"4237","Fruits","BANANAS","Retailer Assigned","All Sizes"
"4238","Fruits","BANANAS","Retailer Assigned","All Sizes"
"4239","Fruits","BERRIES","Blackberries","All Sizes"
"4240","Fruits","BERRIES","Blueberries","All Sizes"
"4241","Fruits","BERRIES","Boysenberries","All Sizes"
"4242","Fruits","BERRIES","Cranberries","All Sizes"
"4243","Fruits","BERRIES","Gooseberries","All Sizes"
"4244","Fruits","BERRIES","Raspberries - Black","All Sizes"
"4245","Fruits","BERRIES","Raspberries - Golden","All Sizes"
"4246","Fruits","BERRIES","Strawberries","Pint"
"4247","Fruits","BERRIES","Strawberries","Quart"
"4248","Fruits","BERRIES","Strawberries","Quart"
"4249","Fruits","BERRIES","Strawberries","Bulk 3-pack (3 pints)"
"4250","Fruits","BERRIES","Strawberries","Bulk 3-pack (3 pints)"
"4251","Fruits","BERRIES","Long-stemmed Strawberries","All Sizes"
"4252","Fruits","BERRIES","Retailer Assigned"," All Sizes "
"4253","Fruits","BERRIES","Retailer Assigned"," All Sizes "
"4254","Fruits","BREADFRUIT","","All Sizes"
"4255","Fruits","CACTUS PEAR (PRICKLY PEAR)","","All Sizes"
"4256","Fruits","CARAMBOLA (STARFRUIT)","","All Sizes"
"4257","Fruits","CHERIMOYA","","All Sizes"
"4258","Fruits","CHERRIES","Golden/Rainier/White","All Sizes"
"4259","Fruits","CHERRIES","Retailer Assigned","All Sizes"
"4260","Fruits","COCONUTS","In Husk/Waternut","All Sizes"
"4261","Fruits","COCONUTS","Husked","All Sizes"
"4262","Fruits","COCONUTS","Retailer Assigned","All Sizes"
"4263","Fruits","DATES","Fresh - Regular","All Sizes"
"4264","Fruits","DATES","Fresh - Retailer Assigned","All Sizes"
"4265","Fruits","FEIJOA","","All Sizes"
"4266","Fruits","FIGS","Black","All Sizes"
"4267","Fruits","FIGS","Brown","All Sizes"
"4268","Fruits","FIGS","White/Green","All Sizes"
"4269","Fruits","FIGS","Retailer Assigned","All Sizes"
"4270","Fruits","GRAPES","Blue/Black Seeded (Ribier/Exotic/Niabel)","All Sizes"
"4271","Fruits","GRAPES","Champagne","All Sizes"
"4272","Fruits","GRAPES","Concord","All Sizes"
"4273","Fruits","GRAPES","Red Seeded (Cardinal/Emperor/Queen/Christmas Rose)","All Sizes"
"4274","Fruits","GRAPES","White/Green Seeded (All others not listed)","All Sizes"
"4275","Fruits","GRAPES","Retailer Assigned","All Sizes"
"4276","Fruits","GRAPES","Retailer Assigned","All Sizes"
"4277","Fruits","GRAPES","Retailer Assigned","All Sizes"
"4278","Fruits","GRAPES","Retailer Assigned","All Sizes"
"4279","Fruits","GRAPEFRUIT","Pummelo - White","All Sizes"
"4280","Fruits","GRAPEFRUIT","Ruby/Red/Pink (Includes Ray Ruby, Ray, Ruby Red)","Small"
"4281","Fruits","GRAPEFRUIT","Ruby/Red/Pink (ncludes Ray Ruby, Ruby, Ruby Red)","Large"
"4282","Fruits","GRAPEFRUIT","Ruby/Red/Pink (Includes Ray Ruby, Ruby, Ruby Red)","Large"
"4283","Fruits","GRAPEFRUIT","Ruby/Red/Pink (Includes Ray Ruby, Ray, Ruby Red)","Large"
"4284","Fruits","GRAPEFRUIT","Deep Red","Small"
"4285","Fruits","GRAPEFRUIT","Deep Red","Small"
"4286","Fruits","GRAPEFRUIT","Deep Red","Small"
"4287","Fruits","GRAPEFRUIT","Deep Red","Large"
"4288","Fruits","GRAPEFRUIT","Deep Red","Large"
"4289","Fruits","GRAPEFRUIT","Deep Red","Large"
"4290","Fruits","GRAPEFRUIT","White","Small"
"4291","Fruits","GRAPEFRUIT","White","Small"
"4292","Fruits","GRAPEFRUIT","White","Small"
"4293","Fruits","GRAPEFRUIT","White","Large"
"4294","Fruits","GRAPEFRUIT","White","Large"
"4295","Fruits","GRAPEFRUIT","White","Large"
"4296","Fruits","GRAPEFRUIT","Retailer Assigned"," All Sizes "
"4297","Fruits","GRAPEFRUIT","Retailer Assigned"," All Sizes "
"4298","Fruits","GRAPEFRUIT","Retailer Assigned"," All Sizes "
"4299","Fruits","GUAVA","","All Sizes"
"4300","Fruits","HOMLI FRUIT","","All Sizes"
"4301","Fruits","KIWIFRUIT","Retailer Assigned","All Sizes"
"4302","Fruits","KIWANO (HORNED MELON)","","All Sizes"
"4303","Fruits","KUMQUAT","","All Sizes"
"4304","Fruits","LEMONS","Retailer Assigned"," All Sizes "
"4305","Fruits","LIMES","Key (incl. Mexican & West Indian)","All Sizes"
"4306","Fruits","LIMES","Retailer Assigned","All Sizes"
"4307","Fruits","LONGAN","","All Sizes "
"4308","Fruits","LOQUATS","","All Sizes  "
"4309","Fruits","LYCHEES","","All Sizes"
"4310","Fruits","MAMEY","","All Sizes"
"4311","Fruits","MANGO","Green (Includes Keitt and Francis)","Small"
"4312","Fruits","MANGO","Yellow (Includes Oro, Ataulfo/Honey Manila)","Small"
"4313","Fruits","MANGO","Retailer Assigned","All Sizes"
"4314","Fruits","MANGO","Retailer Assigned","All Sizes"
"4315","Fruits","MANGO","Retailer Assigned","All Sizes"
"4316","Fruits","MANGO","Retailer Assigned","All Sizes"
"4317","Fruits","MELON","Canary/Yellow Honeydew","All Sizes"
"4318","Fruits","MELON","Cantaloupe/Muskmelon","Small"
"4319","Fruits","MELON","Cantaloupe/Muskmelon","Large"
"4320","Fruits","MELON","Casaba","All Sizes"
"4321","Fruits","MELON","Cinnabar","All Sizes "
"4322","Fruits","MELON","Crenshaw","All Sizes"
"4323","Fruits","BERRIES","Strawberries","Bulk"
"4324","Fruits","MELON","French Afternoon","All Sizes "
"4325","Fruits","MELON","French Breakfast","All Sizes  "
"4326","Fruits","MELON","Galia","All Sizes"
"4327","Fruits","MELON","Orange Flesh/Cantaline","All Sizes"
"4328","Fruits","LIMEQUATS","","All Sizes"
"4329","Fruits","MELON","Honeydew/White Honeydew","Small"
"4330","Fruits","MELON","Mayan","All Sizes"
"4331","Fruits","MELON","Mickey Lee Watermelon/Sugarbaby","All Sizes "
"4332","Fruits","MELON","Muskmelon","All Sizes"
"4333","Fruits","MELON","Pepino","All Sizes "
"4334","Fruits","MELON","Persian","All Sizes"
"4335","Fruits","MELON","Prince","All Sizes"
"4336","Fruits","MELON","Santa Claus","All Sizes"
"4337","Fruits","MELON","Saticoy","All Sizes"
"4338","Fruits","MELON","Sharlin","All Sizes"
"4339","Fruits","MELON","Spanish/Tendral","All Sizes"
"4340","Fruits","MELON","Watermelon - Yellow","All Sizes"
"4341","Fruits","MELON","Watermelon - Yellow, Seedless","All Sizes"
"4342","Fruits","MELON","Retailer Assigned (includes pre-cut melons)","All Sizes"
"4343","Fruits","MELON","Retailer Assigned (includes pre-cut melons)","All Sizes"
"4344","Fruits","MELON","Retailer Assigned (includes pre-cut melons)","All Sizes"
"4345","Fruits","MELON","Retailer Assigned (includes pre-cut melons)","All Sizes"
"4346","Fruits","MELON","Retailer Assigned (includes pre-cut melons)","All Sizes"
"4347","Fruits","MELON","Retailer Assigned (includes pre-cut melons)","All Sizes"
"4348","Fruits","MELON","Retailer Assigned (includes pre-cut melons)","All Sizes"
"4349","Fruits","MELON","Retailer Assigned (includes pre-cut melons)","All Sizes"
"4350","Fruits","MELON","Retailer Assigned (includes pre-cut melons)","All Sizes"
"4351","Fruits","MELON","Retailer Assigned (includes pre-cut melons)","All Sizes"
"4352","Fruits","MELON","Retailer Assigned (includes pre-cut melons)","All Sizes"
"4353","Fruits","MELON","Retailer Assigned (includes pre-cut melons)","All Sizes"
"4354","Fruits","MELON","Retailer Assigned (includes pre-cut melons)","All Sizes"
"4355","Fruits","MELON","Retailer Assigned (includes pre-cut melons)","All Sizes"
"4356","Fruits","MELON","Retailer Assigned (includes pre-cut melons)","All Sizes"
"4357","Fruits","MELON","Retailer Assigned (includes pre-cut melons)","All Sizes"
"4358","Fruits","MELON","Retailer Assigned (includes pre-cut melons)","All Sizes"
"4359","Fruits","MELON","Retailer Assigned (includes pre-cut melons)","All Sizes"
"4360","Fruits","MELON","Retailer Assigned (includes pre-cut melons)","All Sizes"
"4361","Fruits","MELON","Retailer Assigned (includes pre-cut melons)","All Sizes"
"4362","Fruits","MELON","Retailer Assigned (includes pre-cut melons)","All Sizes"
"4363","Fruits","MELON","Retailer Assigned (includes pre-cut melons)","All Sizes"
"4364","Fruits","MELON","Retailer Assigned (includes pre-cut melons)","All Sizes"
"4365","Fruits","MELON","Retailer Assigned (includes pre-cut melons)","All Sizes"
"4366","Fruits","MELON","Retailer Assigned (includes pre-cut melons)","All Sizes"
"4367","Fruits","MELON","Retailer Assigned (includes pre-cut melons)","All Sizes"
"4368","Fruits","MELON","Retailer Assigned (includes pre-cut melons)","All Sizes"
"4369","Fruits","MELON","Retailer Assigned (includes pre-cut melons)","All Sizes"
"4370","Fruits","MELON","Retailer Assigned (includes pre-cut melons)","All Sizes"
"4371","Fruits","MELON","Retailer Assigned (includes pre-cut melons)","All Sizes"
"4372","Fruits","MELON","Retailer Assigned (includes pre-cut melons)","All Sizes"
"4373","Fruits","MELON","Retailer Assigned (includes pre-cut melons)","All Sizes"
"4374","Fruits","MELON","Retailer Assigned (includes pre-cut melons)","All Sizes"
"4375","Fruits","MELON","Retailer Assigned (includes pre-cut melons)","All Sizes"
"4376","Fruits","MELON","Retailer Assigned (includes pre-cut melons)","All Sizes"
"4377","Fruits","NECTARINE","Yellow Flesh, Tree Ripened, Ready-to-eat","Small"
"4378","Fruits","NECTARINE","Yellow Flesh, Tree Ripened, Ready-to-eat","Large"
"4379","Fruits","NECTARINE","Retailer Assigned","All Sizes"
"4380","Fruits","NECTARINE","Retailer Assigned","All Sizes"
"4381","Fruits","ORANGES","Blood","All Sizes"
"4382","Fruits","ORANGES","Juice","All Sizes"
"4383","Fruits","TANGELO","Minneola","All Sizes"
"4384","Fruits","ORANGES","Navel","Small"
"4385","Fruits","ORANGES","Navel","Large"
"4386","Fruits","ORANGES","Temple","Small"
"4387","Fruits","ORANGES","Temple","Large"
"4388","Fruits","ORANGES","Valencia","Large"
"4388","Fruits","ORANGES","Valencia","Large"
"4389","Fruits","ORANGES","Retailer Assigned","All Sizes"
"4390","Fruits","ORANGES","Retailer Assigned","All Sizes"
"4391","Fruits","ORANGES","Retailer Assigned","All Sizes"
"4392","Fruits","ORANGES","Retailer Assigned","All Sizes"
"4393","Fruits","ORANGES","Retailer Assigned","All Sizes"
"4394","Fruits","PAPAYA/PAWPAW","Regular","Large"
"4395","Fruits","PAPAYA/PAWPAW","Cooking/Mexican","All Sizes"
"4396","Fruits","PAPAYA/PAWPAW","Retailer Assigned","All Sizes"
"4397","Fruits","PASSION FRUIT","Purple","All Sizes"
"4398","Fruits","PASSION FRUIT","Retailer Assigned","All Sizes"
"4399","Fruits","PEACHES","Indian"," All Sizes "
"4400","Fruits","PEACHES","White Flesh"," Small "
"4401","Fruits","PEACHES","White Flesh"," Large "
"4402","Fruits","PEACHES","Yellow Flesh"," Small "
"4403","Fruits","PEACHES","Yellow Flesh"," Large "
"4404","Fruits","PEACHES","Retailer Assigned"," All Sizes "
"4405","Fruits","PEACHES","Retailer Assigned"," All Sizes "
"4406","Fruits","PEARS","Asian/Nashi - White","All Sizes"
"4407","Fruits","PEARS","Asian/Nashi - Yellow","All Sizes"
"4408","Fruits","PEARS","Asian/Nashi - Brown","All Sizes"
"4409","Fruits","PEARS","Bartlett/Williams/WBC","Large"
"4410","Fruits","PEARS","Bartlett - Red/Red Sensation","All Sizes"
"4411","Fruits","PEARS","Bosc/Beurre Bosc","Small"
"4412","Fruits","PEARS","Bosc/Beurre Bosc","Large"
"4413","Fruits","PEARS","Bosc/Beurre Bosc","Large"
"4414","Fruits","PEARS","Comice/ Doyenne du Comice","All Sizes"
"4415","Fruits","PEARS","Red","All Sizes"
"4416","Fruits","PEARS","Anjou","Large"
"4417","Fruits","PEARS","Anjou - Red","All Sizes"
"4418","Fruits","PEARS","Forelle/Corella","All Sizes"
"4419","Fruits","PEARS","French","All Sizes"
"4420","Fruits","PEARS","King Royal","All Sizes"
"4421","Fruits","PEARS","Packham/Packhams Triumph","All Sizes"
"4422","Fruits","PEARS","Seckel","All Sizes"
"4423","Fruits","PEARS","Tree Ripened","All Sizes"
"4424","Fruits","PEARS","Winter Nelis/Honey","All Sizes"
"4425","Fruits","PEARS","Retailer Assigned","All Sizes"
"4426","Fruits","PEARS","Retailer Assigned","All Sizes"
"4427","Fruits","PERSIMMON","Regular (American Persimmon)","All Sizes"
"4428","Fruits","PERSIMMON","Japanese/Sharonfruit (Kaki)","All Sizes"
"4429","Fruits","PERSIMMON","Retailer Assigned","All Sizes"
"4430","Fruits","PINEAPPLE","","Large"
"4431","Fruits","PINEAPPLE","Jet Fresh","Small"
"4432","Fruits","PINEAPPLE","Jet Fresh","Large"
"4433","Fruits","PINEAPPLE","Retailer Assigned","All Sizes"
"4434","Fruits","PLUMS","Green (Includes Dolly, Kelsey, Wickson)","Small"
"4435","Fruits","PLUMS","Green (Includes Dolly, Kelsey, Wickson)","Large"
"4436","Fruits","PLUMS","Italian Prune/Sugar","All Sizes"
"4437","Fruits","PLUMS","Purple (Includes Queen Rosa, Laroda, Nublana, Queen Ann, Simka, El Dorado)","Small"
"4438","Fruits","PLUMS","Purple (Includes Queen Rosa, Laroda, Nublana, Queen Ann, Simka, El Dorado) ","Large"
"4439","Fruits","PLUMS","Tree Ripened","Small"
"4440","Fruits","PLUMS","Tree Ripened","Large"
"4441","Fruits","PLUMS","Yellow (Includes Golden Globe)","Small"
"4442","Fruits","PLUMS","Yellow (Includes Golden Globe)","Large"
"4443","Fruits","PLUMS","Retailer Assigned","All Sizes"
"4444","Fruits","PLUMS","Retailer Assigned","All Sizes"
"4445","Fruits","POMEGRANATE","","Small"
"4446","Fruits","POMEGRANATE","Retailer Assigned","All Sizes   "
"4447","Fruits","QUINCE","","All Sizes"
"4448","Fruits","TAMARIND",""," All Sizes "
"4449","Fruits","TANGERINES/MANDARINS","Sunburst","All Sizes"
"4450","Fruits","TANGERINES/MANDARINS","Clementine (includes Fortune)","All Sizes"
"4451","Fruits","TANGERINES/MANDARINS","Dancy","All Sizes "
"4452","Fruits","TANGERINES/MANDARINS","Fairchild","All Sizes "
"4453","Fruits","TANGERINES/MANDARINS","Honey/Murcott","All Sizes"
"4454","Fruits","TANGERINES/MANDARINS","Kinnow","All Sizes"
"4455","Fruits","TANGERINES/MANDARINS","Mandarin/Royal","All Sizes"
"4456","Fruits","TANGELO","","All Sizes"
"4457","Fruits","TANGERINES/MANDARINS","Retailer Assigned","All Sizes"
"4458","Fruits","TANGERINES/MANDARINS","Retailer Assigned","All Sizes"
"4459","Fruits","TANGELO","Jamaican","All Sizes"
"4460","ALL","FOR USE WITH ALL COMMODITIES","Retailer Assigned","All Sizes"
"4461","ALL","FOR USE WITH ALL COMMODITIES","Retailer Assigned","All Sizes"
"4462","ALL","FOR USE WITH ALL COMMODITIES","Retailer Assigned","All Sizes"
"4463","ALL","FOR USE WITH ALL COMMODITIES","Retailer Assigned","All Sizes"
"4464","ALL","FOR USE WITH ALL COMMODITIES","Retailer Assigned","All Sizes"
"4465","ALL","FOR USE WITH ALL COMMODITIES","Retailer Assigned","All Sizes"
"4466","ALL","FOR USE WITH ALL COMMODITIES","Retailer Assigned","All Sizes"
"4467","ALL","FOR USE WITH ALL COMMODITIES","Retailer Assigned","All Sizes"
"4468","ALL","FOR USE WITH ALL COMMODITIES","Retailer Assigned","All Sizes"
"4469","ALL","FOR USE WITH ALL COMMODITIES","Retailer Assigned","All Sizes"
"4470","Fruits","SALAD BAR","","All Sizes "
"4471","Fruits","OTHER FRUITS","Retailer Assigned","All Sizes"
"4472","Fruits","OTHER FRUITS","Retailer Assigned","All Sizes"
"4473","Fruits","OTHER FRUITS","Retailer Assigned","All Sizes"
"4474","Fruits","OTHER FRUITS","Retailer Assigned","All Sizes"
"4475","Fruits","OTHER FRUITS","Retailer Assigned","All Sizes"
"4476","Fruits","OTHER FRUITS","Retailer Assigned","All Sizes"
"4477","Fruits","OTHER FRUITS","Retailer Assigned","All Sizes"
"4478","Fruits","OTHER FRUITS","Retailer Assigned","All Sizes"
"4479","Fruits","OTHER FRUITS","Retailer Assigned","All Sizes"
"4480","Fruits","OTHER FRUITS","Retailer Assigned","All Sizes"
"4481","Fruits","OTHER FRUITS","Retailer Assigned","All Sizes"
"4482","Fruits","OTHER FRUITS","Retailer Assigned","All Sizes"
"4483","Fruits","OTHER FRUITS","Retailer Assigned","All Sizes"
"4484","Fruits","OTHER FRUITS","Retailer Assigned","All Sizes"
"4485","Fruits","OTHER FRUITS","Retailer Assigned","All Sizes"
"4486","Fruits","OTHER FRUITS","Retailer Assigned","All Sizes"
"4487","Fruits","OTHER FRUITS","Retailer Assigned","All Sizes"
"4488","Fruits","OTHER FRUITS","Retailer Assigned","All Sizes"
"4489","Fruits","OTHER FRUITS","Retailer Assigned","All Sizes"
"4490","Fruits","OTHER FRUITS","Retailer Assigned","All Sizes"
"4491","Fruits","GRAPEFRUIT","Ruby/Red/Pink (includes Ray Ruby, Ruby, Ruby Red)","Extra Large"
"4492","Fruits","GRAPEFRUIT","Ruby/Red/Pink (includes Ray Ruby, Ruby, Ruby Red)","Extra Large"
"4493","Fruits","GRAPEFRUIT","Ruby/Red/Pink (Includes Ray Ruby, Ruby, Ruby Red)","Extra Large"
"4494","Fruits","GRAPEFRUIT","Deep Red","Extra Large"
"4495","Fruits","GRAPEFRUIT","Deep Red","Extra Large"
"4496","Fruits","GRAPEFRUIT","Deep Red","Extra Large"
"4497","Fruits","GRAPES","Sugraone","All Sizes"
"4498","Fruits","GRAPES","White/Green Seedless (All others not listed above (including Autumn King))","All Sizes"
"4499","Fruits","GRAPES","Crimson/Majestic","All Sizes"
"4500","Vegetables","OTHER VEGETABLES","Retailer Assigned","All Sizes"
"4501","Vegetables","OTHER VEGETABLES","Retailer Assigned","All Sizes"
"4502","Vegetables","OTHER VEGETABLES","Retailer Assigned","All Sizes"
"4503","Vegetables","OTHER VEGETABLES","Retailer Assigned","All Sizes"
"4504","Vegetables","OTHER VEGETABLES","Retailer Assigned","All Sizes"
"4505","Vegetables","OTHER VEGETABLES","Retailer Assigned","All Sizes"
"4506","Vegetables","OTHER VEGETABLES","Retailer Assigned","All Sizes"
"4507","Vegetables","OTHER VEGETABLES","Retailer Assigned","All Sizes"
"4508","Vegetables","OTHER VEGETABLES","Retailer Assigned","All Sizes"
"4509","Vegetables","OTHER VEGETABLES","Retailer Assigned","All Sizes"
"4510","Vegetables","OTHER VEGETABLES","Retailer Assigned","All Sizes"
"4511","Vegetables","OTHER VEGETABLES","Retailer Assigned","All Sizes"
"4512","Vegetables","OTHER VEGETABLES","Retailer Assigned","All Sizes"
"4513","Vegetables","OTHER VEGETABLES","Retailer Assigned","All Sizes"
"4514","Vegetables","ALFALFA SPROUTS","","All Sizes "
"4515","Herbs","FENNEL","Florence/Sweet Fennel/Fennel Bulb","All Sizes"
"4516","Vegetables","ARTICHOKES","","Small"
"4517","Vegetables","ARTICHOKES","Purple","Small"
"4518","Vegetables","ARTICHOKES","Purple","Large"
"4519","Vegetables","ARTICHOKES","Baby/Cocktail","All Sizes"
"4520","Vegetables","ARTICHOKES","Retailer Assigned","All Sizes"
"4521","Vegetables","ASPARAGUS","Green","Large"
"4522","Vegetables","ASPARAGUS","White","Small"
"4523","Vegetables","ASPARAGUS","White","Large"
"4524","Vegetables","ASPARAGUS","Tips","All Sizes"
"4525","Vegetables","ASPARAGUS","Retailer Assigned","All Sizes"
"4526","Vegetables","ASPARAGUS","Retailer Assigned","All Sizes"
"4527","Vegetables","BEANS","Chinese Long/Snake","All Sizes"
"4528","Vegetables","BEANS","Fava/Broad","All Sizes"
"4529","Vegetables","BEANS","Lima","All Sizes"
"4530","Vegetables","BEANS","Pole/Runner/Stick","All Sizes"
"4531","Vegetables","BEANS","Purple Hull","All Sizes"
"4532","Vegetables","BEANS","Shell","All Sizes"
"4533","Vegetables","BEANS","Wax/Yellow","All Sizes"
"4534","Vegetables","BEANS","Winged","All Sizes"
"4535","Vegetables","BEANS","Retailer Assigned","All Sizes"
"4536","Vegetables","BEAN SPROUTS","Mung Bean Sprouts","All Sizes "
"4537","Vegetables","BEETS","Baby Golden","All Sizes"
"4538","Vegetables","BEETS","Baby Red","All Sizes"
"4539","Vegetables","BEETS","Bunch","All Sizes"
"4540","Vegetables","BEETS","Loose","All Sizes"
"4541","Vegetables","BEETS","Retailer Assigned","All Sizes"
"4542","Vegetables","BEET GREENS","","All Sizes"
"4543","Vegetables","BELGIAN ENDIVE (WITLOOF CHICORY)","","All Sizes"
"4544","Vegetables","BOK CHOY (PAK CHOI)","Small/Baby","All Sizes"
"4545","Vegetables","BOK CHOY (PAK CHOI)","","All Sizes"
"4546","Vegetables","BONIATO","See also SWEET POTATO","All Sizes"
"4547","Vegetables","BROCCOLI","Broccoli Rabe (Italian Rapini)/ Chinese Broccoli (GAI LAN)","All Sizes"
"4548","Vegetables","BROCCOLI","Florettes","All Sizes"
"4549","Vegetables","BROCCOLI","Retailer Assigned","All Sizes"
"4550","Vegetables","BRUSSELS SPROUTS","","All Sizes"
"4551","Vegetables","BRUSSELS SPROUTS","Retailer Assigned","All Sizes"
"4552","Vegetables","CABBAGE","Chinese/Napa/Wong Bok","All Sizes"
"4553","Fruits","PEARS","Taylors Gold","All Sizes"
"4554","Vegetables","CABBAGE","Red","All Sizes"
"4555","Vegetables","CABBAGE","Savoy, Green","All Sizes"
"4556","Vegetables","CABBAGE","Retailer Assigned","All Sizes"
"4557","Vegetables","CABBAGE","Retailer Assigned","All Sizes"
"4558","Vegetables","CACTUS LEAVES (Nopales/Cactus Pads)","","All Sizes "
"4559","Vegetables","CARDOON (CARDONI)","","All Sizes"
"4560","Vegetables","CARROTS","Baby","All Sizes"
"4561","Vegetables","CARROTS","French","All Sizes"
"4562","Vegetables","CARROTS","Loose","All Sizes"
"4563","Vegetables","CARROTS","Carrot Sticks","All Sizes"
"4564","Vegetables","CARROTS","Retailer Assigned","All Sizes"
"4565","Vegetables","CARROTS","Retailer Assigned","All Sizes"
"4566","Vegetables","CAULIFLOWER","Florettes","All Sizes"
"4567","Vegetables","CAULIFLOWER","Green","All Sizes"
"4568","Vegetables","CAULIFLOWER","Purple","All Sizes"
"4569","Vegetables","CAULIFLOWER","Retailer Assigned","All Sizes"
"4570","Vegetables","CAULIFLOWER","Retailer Assigned","All Sizes"
"4571","Vegetables","CAULIFLOWER","Retailer Assigned","All Sizes"
"4572","Vegetables","CAULIFLOWER","","Large"
"4573","Vegetables","CAULIFLOWER","Baby","All Sizes"
"4575","Vegetables","CELERY","Hearts","All Sizes"
"4576","Vegetables","CELERY","Celery Sticks","All Sizes"
"4577","Vegetables","CELERY","Retailer Assigned","All Sizes"
"4578","Vegetables","CELERY","Retailer Assigned","All Sizes"
"4579","Vegetables","CELERY","Retailer Assigned","All Sizes"
"4580","Vegetables","CELERY","Retailer Assigned","All Sizes"
"4581","Vegetables","CELERY","Retailer Assigned","All Sizes"
"4582","Vegetables","CELERY","Bunch","Large"
"4583","Vegetables","CELERY","Bunch","Large"
"4584","Fruits","MANGO","Green (Includes Keitt and Francis)","Large"
"4585","Vegetables","CELERY ROOT/CELERIAC","","All Sizes"
"4586","Vegetables","CHARD (SWISS CHARD)/SILVERBEET","Green","All Sizes"
"4587","Vegetables","CHARD (SWISS CHARD)/SILVERBEET","Red","All Sizes"
"4588","Vegetables","CHARD (SWISS CHARD)/SILVERBEET","Retailer Assigned","All Sizes"
"4589","Vegetables","CORN","Sweet Corn, Baby","All Sizes"
"4590","Vegetables","CORN","Sweet Corn, Bi-Color","All Sizes"
"4591","Vegetables","CORN","Retailer Assigned","All Sizes"
"4592","Vegetables","CUCUMBER","Armenian","All Sizes"
"4593","Vegetables","CUCUMBER","English/Hot House/Long Seedless/Telegraph/Continental","All Sizes"
"4594","Vegetables","CUCUMBER","Japanese/White","All Sizes"
"4595","Vegetables","CUCUMBER","Lemon","All Sizes"
"4596","Vegetables","CUCUMBER","Pickling/Gherkin","All Sizes"
"4597","Vegetables","CUCUMBER","Retailer Assigned","All Sizes"
"4598","Vegetables","DAIKON","(See also RADISH)","All Sizes"
"4599","Vegetables","EGGPLANT (AUBERGINE)","Baby","All Sizes"
"4600","Vegetables","EGGPLANT (AUBERGINE)","Baby White","All Sizes"
"4601","Vegetables","EGGPLANT (AUBERGINE)","Japanese","All Sizes"
"4602","Vegetables","EGGPLANT (AUBERGINE)","White","All Sizes"
"4603","Vegetables","EGGPLANT (AUBERGINE)","Retailer Assigned","All Sizes"
"4604","Vegetables","ENDIVE/CHICORY","","All Sizes"
"4605","Vegetables","ESCAROLE/BATAVIAN CHICORY","Green","All Sizes "
"4606","Vegetables","FIDDLEHEAD FERNS","","All Sizes "
"4607","Vegetables","GAI (GUI) CHOY (CHINESE or INDIAN MUSTARD)","Chinese or Indian Mustard","All Sizes"
"4608","Vegetables","GARLIC","Regular","All Sizes"
"4609","Vegetables","GARLIC","Elephant","All Sizes"
"4610","Vegetables","GARLIC","Retailer Assigned","All Sizes"
"4611","Vegetables","GARLIC","Retailer Assigned","All Sizes"
"4612","Vegetables","GINGER ROOT","Regular","All Sizes"
"4613","Vegetables","GINGER ROOT","Retailer Assigned","All Sizes"
"4614","Vegetables","GREENS","Collard","All Sizes"
"4615","Vegetables","GREENS","Dandelion","All Sizes"
"4616","Vegetables","GREENS","Mustard (Synonymous with Gai (Gui) Choy)","All Sizes"
"4617","Vegetables","GREENS","Polk Greens","All Sizes"
"4618","Vegetables","GREENS","Texas Mustard","All Sizes"
"4619","Vegetables","GREENS","Turnip","All Sizes"
"4620","Vegetables","GREENS","Retailer Assigned","All Sizes"
"4621","Vegetables","GREENS","Retailer Assigned","All Sizes"
"4622","Vegetables","GREENS","Retailer Assigned","All Sizes"
"4623","Vegetables","GREENS","Retailer Assigned","All Sizes"
"4624","Vegetables","GREENS","Retailer Assigned","All Sizes"
"4625","Vegetables","HORSERADISH ROOT","","All Sizes"
"4626","Vegetables","JICAMA/YAM BEAN","","All Sizes"
"4627","Vegetables","KALE","","All Sizes"
"4628","Vegetables","KOHLRABI","","All Sizes"
"4629","Vegetables","LEEKS","Regular","All Sizes"
"4630","Vegetables","LEEKS","Baby","All Sizes"
"4631","Vegetables","LETTUCE","Bibb/Flat/Round","All Sizes"
"4632","Vegetables","LETTUCE","Boston/Butter","All Sizes"
"4633","Vegetables","LETTUCE","Hydroponic","All Sizes "
"4634","Vegetables","LETTUCE","Iceberg","All Sizes"
"4635","Fruits","GRAPES","Red Seedless (All others not listed under red seedless)","All Sizes"
"4636","Fruits","GRAPES","Red Globe","All Sizes"
"4637","Fruits","GRAPES","Red Seeded (All others not listed above)","All Sizes"
"4638","Fruits","GRAPES","Fantasy/Marroo","All Sizes"
"4639","Vegetables","LETTUCE","Mache","All Sizes"
"4640","Vegetables","LETTUCE","Romaine/Cos","All Sizes"
"4641","Vegetables","LETTUCE","Retailer Assigned","All Sizes"
"4642","Vegetables","LETTUCE","Retailer Assigned","All Sizes"
"4643","Vegetables","LETTUCE","Retailer Assigned","All Sizes"
"4644","Vegetables","MALANGA","","All Sizes "
"4645","Vegetables","MUSHROOMS","Regular, Button","Small"
"4646","Vegetables","MUSHROOMS","Black Forest","All Sizes"
"4647","Vegetables","MUSHROOMS","Chanterelle","All Sizes "
"4648","Vegetables","MUSHROOMS","Cremini/Brown/Swiss Brown","All Sizes"
"4649","Vegetables","MUSHROOMS","Oyster","All Sizes"
"4650","Vegetables","MUSHROOMS","Portabella (Synonymous with Cremini, Brown, Swiss Brown Mushrooms)","All Sizes"
"4651","Vegetables","MUSHROOMS","Shiitake","All Sizes"
"4652","Vegetables","MUSHROOMS","Wood Ear","All Sizes"
"4653","Vegetables","MUSHROOMS","Retailer Assigned","All Sizes"
"4654","Vegetables","MUSHROOMS","Retailer Assigned","All Sizes"
"4655","Vegetables","OKRA","Regular (Green)","All Sizes"
"4656","Vegetables","OKRA","Chinese","All Sizes"
"4657","Vegetables","OKRA","Red","All Sizes"
"4658","Vegetables","ONIONS","Boiling","All Sizes"
"4659","Vegetables","ONIONS","Bulb","All Sizes"
"4660","Vegetables","ONIONS","Pearl","All Sizes"
"4661","Vegetables","ONIONS","Pickling, White","All Sizes"
"4662","Vegetables","ONIONS","Shallots","All Sizes"
"4663","Vegetables","ONIONS","White","All Sizes"
"4664","Vegetables","TOMATOES","Regular - Red, On the Vine (Truss)","All Sizes"
"4665","Vegetables","ONIONS","Yellow/Brown","Small"
"4666","Vegetables","ONIONS","Retailer Assigned","All Sizes"
"4667","Vegetables","ONIONS","Retailer Assigned","All Sizes"
"4668","Vegetables","ONIONS","Retailer Assigned","All Sizes"
"4669","Vegetables","ONIONS","Retailer Assigned","All Sizes"
"4670","Vegetables","ONIONS","Retailer Assigned","All Sizes"
"4671","Vegetables","PARSLEY ROOT(HAMBURG PARSLEY)","","All Sizes"
"4672","Vegetables","PARSNIP","","All Sizes"
"4673","Vegetables","PEAS","Blackeyed","All Sizes"
"4674","Vegetables","PEAS","Green","All Sizes"
"4675","Vegetables","PEAS","Sugar Snap","All Sizes"
"4676","Vegetables","PEAS","Retailer Assigned","All Sizes"
"4677","Vegetables","PEPPERS (CAPSICUMS)","Anaheim (Green and Red)","All Sizes"
"4678","Vegetables","PEPPERS (CAPSICUMS)","Banana (Yellow Long)","All Sizes"
"4679","Vegetables","PEPPERS (CAPSICUMS)","Bell, Field Grown - Brown","All Sizes"
"4680","Vegetables","PEPPERS (CAPSICUMS)","Bell, Field Grown - Golden (Yellow)","All Sizes"
"4681","Vegetables","PEPPERS (CAPSICUMS)","Bell, Field Grown - Green","Small"
"4682","Vegetables","PEPPERS (CAPSICUMS)","Bell, Field Grown - Orange","All Sizes"
"4683","Vegetables","PEPPERS (CAPSICUMS)","Bell, Field Grown - Purple","All Sizes"
"4684","Vegetables","PEPPERS (CAPSICUMS)","Bell, Field Grown - White","All Sizes"
"4685","Vegetables","PEPPERS (CAPSICUMS)","Chili - Dried","All Sizes"
"4686","Vegetables","PEPPERS (CAPSICUMS)","Chili - Green","All Sizes"
"4687","Vegetables","PEPPERS (CAPSICUMS)","Cubanelle","All Sizes"
"4688","Vegetables","PEPPERS (CAPSICUMS)","Bell, Greenhouse - Red","All Sizes"
"4689","Vegetables","PEPPERS (CAPSICUMS)","Bell, Greenhouse - Yellow","All Sizes"
"4690","Vegetables","PEPPERS (CAPSICUMS)","Hot (Hungarian Hot)","All Sizes"
"4691","Vegetables","PEPPERS (CAPSICUMS)","Hot Mixed","All Sizes"
"4692","Vegetables","PEPPERS (CAPSICUMS)","Hungarian Wax","All Sizes"
"4693","Vegetables","PEPPERS (CAPSICUMS)","Jalapeno - Green/Mexican Green","All Sizes"
"4694","Vegetables","PEPPERS (CAPSICUMS)","Jalapeno - Red/Mexican Red","All Sizes"
"4695","Vegetables","PEPPERS (CAPSICUMS)","Japanese - Red","All Sizes"
"4696","Vegetables","PEPPERS (CAPSICUMS)","Long Hot - Green","All Sizes"
"4697","Vegetables","PEPPERS (CAPSICUMS)","Long Hot - Red","All Sizes"
"4698","Vegetables","PEPPERS (CAPSICUMS)","Morita Chili","All Sizes"
"4699","Vegetables","PEPPERS (CAPSICUMS)","Negro","All Sizes "
"4700","Vegetables","PEPPERS (CAPSICUMS)","New Mexico","All Sizes"
"4701","Vegetables","PEPPERS (CAPSICUMS)","Pasilla - Green","All Sizes"
"4702","Vegetables","PEPPERS (CAPSICUMS)","Pasilla - Red","All Sizes"
"4703","Vegetables","PEPPERS (CAPSICUMS)","Pasilla Pod","All Sizes"
"4704","Vegetables","PEPPERS (CAPSICUMS)","Pinole","All Sizes "
"4705","Vegetables","PEPPERS (CAPSICUMS)","Poblano","All Sizes"
"4706","Vegetables","PEPPERS (CAPSICUMS)","Red Cheese","All Sizes"
"4707","Vegetables","PEPPERS (CAPSICUMS)","Red Finger","All Sizes"
"4708","Vegetables","PEPPERS (CAPSICUMS)","Red Pimiento/ Red Sweet Long","All Sizes"
"4709","Vegetables","PEPPERS (CAPSICUMS)","Serrano","All Sizes"
"4710","Vegetables","PEPPERS (CAPSICUMS)","Retailer Assigned","All Sizes"
"4711","Vegetables","PEPPERS (CAPSICUMS)","Retailer Assigned","All Sizes"
"4712","Vegetables","PEPPERS (CAPSICUMS)","Retailer Assigned","All Sizes"
"4713","Vegetables","PEPPERS (CAPSICUMS)","Retailer Assigned","All Sizes"
"4714","Vegetables","PEPPERS (CAPSICUMS)","Retailer Assigned","All Sizes"
"4715","Vegetables","PEPPERS (CAPSICUMS)","Retailer Assigned","All Sizes"
"4716","Vegetables","PEPPERS (CAPSICUMS)","Retailer Assigned","All Sizes"
"4717","Vegetables","PEPPERS (CAPSICUMS)","Retailer Assigned","All Sizes"
"4718","Vegetables","PEPPERS (CAPSICUMS)","Retailer Assigned","All Sizes"
"4719","Vegetables","PEPPERS (CAPSICUMS)","Retailer Assigned","All Sizes"
"4720","Vegetables","PEPPERS (CAPSICUMS)","Retailer Assigned","All Sizes"
"4721","Vegetables","PEPPERS (CAPSICUMS)","Retailer Assigned","All Sizes"
"4722","Vegetables","PEPPERS (CAPSICUMS)","Retailer Assigned","All Sizes"
"4723","Vegetables","POTATO","Creamer - Red","All Sizes"
"4724","Vegetables","POTATO","Creamer - White","All Sizes"
"4725","Vegetables","POTATO","Russet","All Sizes"
"4726","Vegetables","POTATO","Long - White","All Sizes"
"4727","Vegetables","POTATO","Yellow","All Sizes"
"4728","Vegetables","POTATO","Retailer Assigned","All Sizes"
"4729","Vegetables","POTATO","Retailer Assigned","All Sizes"
"4730","Vegetables","POTATO","Retailer Assigned","All Sizes"
"4731","Vegetables","POTATO","Retailer Assigned","All Sizes"
"4732","Vegetables","POTATO","Retailer Assigned","All Sizes"
"4733","Vegetables","POTATO","Retailer Assigned","All Sizes"
"4734","Vegetables","PUMPKIN","Mini","All Sizes"
"4735","Vegetables","PUMPKIN","Regular","All Sizes"
"4736","Vegetables","PUMPKIN","Retailer Assigned","All Sizes"
"4737","Vegetables","PUMPKIN","Retailer Assigned","All Sizes"
"4738","Vegetables","RADICCHIO","","All Sizes"
"4739","Vegetables","RADISH","Black","All Sizes"
"4740","Vegetables","RADISH","Bunched White","All Sizes"
"4741","Vegetables","RADISH","Italian Red","All Sizes"
"4742","Vegetables","RADISH","Red","All Sizes"
"4743","Vegetables","RADISH","White/Icicle","All Sizes"
"4744","Vegetables","RADISH","Retailer Assigned","All Sizes"
"4745","Vegetables","RHUBARB","Regular"," All Sizes "
"4746","Vegetables","RHUBARB","Retailer Assigned"," All Sizes "
"4747","Vegetables","RUTABAGAS (SWEDE)","Regular","All Sizes"
"4748","Vegetables","RUTABAGAS (SWEDE)","Retailer Assigned","All Sizes"
"4749","Vegetables","SPINACH","Retailer Assigned","All Sizes"
"4750","Vegetables","SQUASH","Acorn/Table Queen","All Sizes"
"4751","Vegetables","SQUASH","Acorn - Golden","All Sizes"
"4752","Vegetables","SQUASH","Acorn - Swan White Table Queen","All Sizes"
"4753","Vegetables","SQUASH","Australian Blue","All Sizes"
"4754","Vegetables","SQUASH","Baby Scallopini","All Sizes"
"4755","Vegetables","SQUASH","Baby Summer (Green)","All Sizes"
"4756","Vegetables","SQUASH","Baby Green Zucchini/Courgette","All Sizes"
"4757","Vegetables","SQUASH","Banana","All Sizes "
"4758","Vegetables","SQUASH","Buttercup","All Sizes "
"4759","Vegetables","SQUASH","Butternut","All Sizes "
"4760","Vegetables","SQUASH","Calabaza","All Sizes"
"4761","Vegetables","SQUASH","Chayote/Choko","All Sizes"
"4762","Vegetables","ARTICHOKES","","Extra Large"
"4763","Vegetables","SQUASH","Delicata/Sweet Potato","All Sizes"
"4764","Vegetables","SQUASH","(Sweet) Dumpling","All Sizes"
"4765","Vegetables","SQUASH","Gem","All Sizes"
"4766","Vegetables","SQUASH","Golden Delicious","All Sizes"
"4767","Vegetables","SQUASH","Golden Nugget","All Sizes"
"4768","Vegetables","SQUASH","Hubbard","All Sizes"
"4769","Vegetables","SQUASH","Kabocha","All Sizes"
"4770","Fruits","AVOCADOS","Hass","All Sizes"
"4771","Fruits","AVOCADOS","Green","Medium "
"4772","Vegetables","PEPPERS (CAPSICUMS)","Chili - Yellow","All Sizes"
"4773","Vegetables","SQUASH","Patty Pan/Summer","All Sizes"
"4774","Vegetables","SQUASH","Red Kuri","All Sizes"
"4775","Vegetables","SQUASH","Scallopini","All Sizes"
"4776","Vegetables","SQUASH","Spaghetti/Vegetable Spaghetti","All Sizes"
"4777","Vegetables","SQUASH","Sunburst (Yellow)","All Sizes"
"4778","Vegetables","TOMATOES","Regular - Yellow","All Sizes"
"4779","Vegetables","SQUASH","Sweet Mama","All Sizes"
"4780","Vegetables","SQUASH","Turban","All Sizes"
"4781","Vegetables","SQUASH","White","All Sizes"
"4782","Vegetables","SQUASH","Yellow - Straightneck","All Sizes"
"4783","Vegetables","BITTER MELON/BITTER GOURD, Foo Qua","Foo Qua","All Sizes"
"4784","Vegetables","SQUASH","Yellow - Crookneck","All Sizes"
"4785","Vegetables","SQUASH","Retailer Assigned","All Sizes"
"4786","Vegetables","SQUASH","Retailer Assigned","All Sizes"
"4787","Vegetables","SQUASH","Retailer Assigned","All Sizes"
"4788","Vegetables","SQUASH","Retailer Assigned","All Sizes"
"4789","Vegetables","SQUASH","Retailer Assigned","All Sizes"
"4790","Vegetables","SUGAR CANE","","All Sizes"
"4791","Vegetables","SUNCHOKES (JERUSALEM ARTICHOKES)","","All Sizes"
"4792","Vegetables","TAMARILLO","Golden","All Sizes"
"4793","Vegetables","TAMARILLO","Red","All Sizes"
"4794","Vegetables","TARO ROOT (DASHEEN)","","Small"
"4795","Vegetables","TARO ROOT (DASHEEN)","","Large"
"4796","Vegetables","TOMATOES","Cherry - Red","All Sizes"
"4797","Vegetables","TOMATOES","Cherry - Yellow","All Sizes"
"4798","Vegetables","TOMATOES","Greenhouse/Hydroponic/Regular - Red","Small"
"4799","Vegetables","TOMATOES","Greenhouse/Hydroponic/Regular - Red","Large"
"4800","Vegetables","TOMATOES","Native/Home Grown","All Sizes"
"4801","Vegetables","TOMATOES","Tomatillos/Husk Tomatoes","All Sizes"
"4802","Vegetables","TOMATOES","Dried","All Sizes"
"4803","Vegetables","TOMATOES","Teardrop/Pear - Red","All Sizes"
"4804","Vegetables","TOMATOES","Teardrop/Pear - Yellow","All Sizes"
"4805","Vegetables","TOMATOES","Vine Ripe, Regular - Red","Small"
"4806","Vegetables","TOMATOES","Retailer Assigned","All Sizes"
"4807","Vegetables","TOMATOES","Retailer Assigned","All Sizes"
"4808","Vegetables","TOMATOES","Retailer Assigned","All Sizes"
"4809","Vegetables","TURNIP","Baby","All Sizes"
"4810","Vegetables","TURNIP","Bunch/Banded","All Sizes"
"4811","Vegetables","TURNIP","Purple Top","All Sizes"
"4812","Vegetables","TURNIP","White","All Sizes"
"4813","Vegetables","TURNIP","Retailer Assigned","All Sizes"
"4814","Vegetables","WATER CHESTNUTS","","All Sizes"
"4815","Vegetables","WATERCRESS","","All Sizes"
"4816","Vegetables","SWEET POTATO/YAM/KUMARA","Golden","All Sizes"
"4817","Vegetables","SWEET POTATO/YAM/KUMARA","Red/Orangy Red Flesh","Large"
"4818","Vegetables","NAME","Retailer Assigned","All Sizes"
"4819","Vegetables","YUCA ROOT/CASSAVA/MANIOC","","All Sizes"
"4820","Vegetables","OTHER VEGETABLES","Retailer Assigned","All Sizes"
"4821","Vegetables","OTHER VEGETABLES","Retailer Assigned","All Sizes"
"4822","Vegetables","OTHER VEGETABLES","Retailer Assigned","All Sizes"
"4823","Vegetables","OTHER VEGETABLES","Retailer Assigned","All Sizes"
"4824","Vegetables","OTHER VEGETABLES","Retailer Assigned","All Sizes"
"4825","Vegetables","OTHER VEGETABLES","Retailer Assigned","All Sizes"
"4826","Vegetables","OTHER VEGETABLES","Retailer Assigned","All Sizes"
"4827","Vegetables","OTHER VEGETABLES","Retailer Assigned","All Sizes"
"4828","Vegetables","OTHER VEGETABLES","Retailer Assigned","All Sizes"
"4829","Vegetables","OTHER VEGETABLES","Retailer Assigned","All Sizes"
"4830","Vegetables","OTHER VEGETABLES","Retailer Assigned","All Sizes"
"4831","Vegetables","OTHER VEGETABLES","Retailer Assigned","All Sizes"
"4832","Vegetables","OTHER VEGETABLES","Retailer Assigned","All Sizes"
"4833","Vegetables","OTHER VEGETABLES","Retailer Assigned","All Sizes"
"4834","Vegetables","OTHER VEGETABLES","Retailer Assigned","All Sizes"
"4835","Vegetables","OTHER VEGETABLES","Retailer Assigned","All Sizes"
"4836","Vegetables","OTHER VEGETABLES","Retailer Assigned","All Sizes"
"4837","Vegetables","OTHER VEGETABLES","Retailer Assigned","All Sizes"
"4838","Vegetables","OTHER VEGETABLES","Retailer Assigned","All Sizes"
"4839","Vegetables","OTHER VEGETABLES","Retailer Assigned","All Sizes"
"4840","Vegetables","OTHER VEGETABLES","Retailer Assigned","All Sizes"
"4841","Vegetables","OTHER VEGETABLES","Retailer Assigned","All Sizes"
"4842","Vegetables","OTHER VEGETABLES","Retailer Assigned","All Sizes"
"4843","Vegetables","OTHER VEGETABLES","Retailer Assigned","All Sizes"
"4844","Vegetables","OTHER VEGETABLES","Retailer Assigned","All Sizes"
"4845","Vegetables","OTHER VEGETABLES","Retailer Assigned","All Sizes"
"4846","Vegetables","OTHER VEGETABLES","Retailer Assigned","All Sizes"
"4847","Vegetables","OTHER VEGETABLES","Retailer Assigned","All Sizes"
"4848","Vegetables","OTHER VEGETABLES","Retailer Assigned","All Sizes"
"4849","Vegetables","OTHER VEGETABLES","Retailer Assigned","All Sizes"
"4850","Vegetables","OTHER VEGETABLES","Retailer Assigned","All Sizes"
"4851","Vegetables","OTHER VEGETABLES","Retailer Assigned","All Sizes"
"4852","Vegetables","OTHER VEGETABLES","Retailer Assigned","All Sizes"
"4853","Vegetables","OTHER VEGETABLES","Retailer Assigned","All Sizes"
"4854","Vegetables","OTHER VEGETABLES","Retailer Assigned","All Sizes"
"4855","Vegetables","OTHER VEGETABLES","Retailer Assigned","All Sizes"
"4856","Vegetables","OTHER VEGETABLES","Retailer Assigned","All Sizes"
"4857","Vegetables","OTHER VEGETABLES","Retailer Assigned","All Sizes"
"4858","Vegetables","OTHER VEGETABLES","Retailer Assigned","All Sizes"
"4859","Vegetables","OTHER VEGETABLES","Retailer Assigned","All Sizes"
"4860","Dried Fruits","APPLE SLICES","Dried ","All Sizes "
"4861","Dried Fruits","APRICOTS","Dried","All Sizes"
"4862","Dried Fruits","DATES","Dried","All Sizes"
"4863","Dried Fruits","DATES","Retailer Assigned - Dried"," All Sizes "
"4864","Dried Fruits","PINEAPPLE","Dried","All Sizes"
"4865","Dried Fruits","PRUNES","Regular (Dried Fruit)","All Sizes"
"4866","Dried Fruits","PRUNES","Pitted (Dried Fruit)","All Sizes"
"4867","Dried Fruits","PRUNES","Retailer Assigned - Dried"," All Sizes "
"4868","Dried Fruits","RAISINS","Black (Dried Fruit)","All Sizes"
"4869","Dried Fruits","RAISINS","Golden/Yellow (Dried Fruit)","All Sizes"
"4870","Dried Fruits","OTHER DRIED FRUITS","Retailer Assigned","All Sizes"
"4871","Dried Fruits","OTHER DRIED FRUITS","Retailer Assigned","All Sizes"
"4872","Dried Fruits","OTHER DRIED FRUITS","Retailer Assigned","All Sizes"
"4873","Dried Fruits","OTHER DRIED FRUITS","Retailer Assigned","All Sizes"
"4874","Dried Fruits","OTHER DRIED FRUITS","Retailer Assigned","All Sizes"
"4875","Dried Fruits","OTHER DRIED FRUITS","Retailer Assigned","All Sizes"
"4876","Dried Fruits","OTHER DRIED FRUITS","Retailer Assigned","All Sizes"
"4877","Dried Fruits","OTHER DRIED FRUITS","Retailer Assigned","All Sizes"
"4878","Dried Fruits","OTHER DRIED FRUITS","Retailer Assigned","All Sizes"
"4879","Dried Fruits","OTHER DRIED FRUITS","Retailer Assigned","All Sizes"
"4880","Dried Fruits","OTHER DRIED FRUITS","Retailer Assigned","All Sizes"
"4881","Dried Fruits","OTHER DRIED FRUITS","Retailer Assigned","All Sizes"
"4882","Dried Fruits","OTHER DRIED FRUITS","Retailer Assigned","All Sizes"
"4883","Dried Fruits","OTHER DRIED FRUITS","Retailer Assigned","All Sizes"
"4884","Herbs","ARUGULA/ROCKET","","All Sizes"
"4885","Herbs","BASIL","","All Sizes"
"4886","Herbs","BASIL","Opal","All Sizes"
"4887","Herbs","BASIL","Sweet","All Sizes"
"4888","Herbs","CHIVES","","All Sizes"
"4889","Herbs","CILANTRO (CHINESE PARSLEY/CORIANDER)","","All Sizes"
"4890","Fruits","PEARS","Chinese Yali","All Sizes"
"4891","Herbs","DILL","","All Sizes"
"4892","Herbs","DILL","Baby","All Sizes"
"4893","Herbs","DILL","Pickling","All Sizes"
"4894","Herbs","LEMONGRASS","","All Sizes"
"4895","Herbs","MARJORAM","","All Sizes"
"4896","Herbs","MINT","","All Sizes"
"4897","Herbs","OREGANO","","All Sizes"
"4898","Herbs","OYSTER PLANT/SALSIFY","","All Sizes"
"4899","Herbs","PARSLEY","Regular/Curly","All Sizes"
"4901","Herbs","PARSLEY","Italian/Continental/French","All Sizes"
"4902","Herbs","PARSLEY","Retailer Assigned","All Sizes"
"4903","Herbs","ROSEMARY","","All Sizes"
"4904","Herbs","SAGE","","All Sizes"
"4905","Herbs","SORREL","","All Sizes"
"4906","Herbs","TARRAGON","","All Sizes"
"4907","Herbs","THYME","","All Sizes"
"4908","Herbs","VANILLA BEAN","","All Sizes "
"4909","Herbs","OTHER HERBS","Retailer Assigned","All Sizes"
"4910","Herbs","OTHER HERBS","Retailer Assigned","All Sizes"
"4911","Herbs","OTHER HERBS","Retailer Assigned","All Sizes"
"4912","Herbs","OTHER HERBS","Retailer Assigned","All Sizes"
"4913","Herbs","OTHER HERBS","Retailer Assigned","All Sizes"
"4914","Herbs","OTHER HERBS","Retailer Assigned","All Sizes"
"4915","Herbs","OTHER HERBS","Retailer Assigned","All Sizes"
"4916","Herbs","OTHER HERBS","Retailer Assigned","All Sizes"
"4917","Herbs","OTHER HERBS","Retailer Assigned","All Sizes"
"4918","Herbs","OTHER HERBS","Retailer Assigned","All Sizes"
"4919","Herbs","OTHER HERBS","Retailer Assigned","All Sizes"
"4920","Herbs","OTHER HERBS","Retailer Assigned","All Sizes"
"4921","Herbs","OTHER HERBS","Retailer Assigned","All Sizes"
"4922","Herbs","OTHER HERBS","Retailer Assigned","All Sizes"
"4923","Herbs","OTHER HERBS","Retailer Assigned","All Sizes"
"4924","Nuts","ALMONDS","","All Sizes"
"4925","Nuts","ALMONDS","Retailer Assigned","All Sizes"
"4926","Nuts","BRAZILNUTS","","All Sizes"
"4927","Nuts","CHESTNUTS","","All Sizes"
"4928","Nuts","FILBERTS","Cobnut/Hazelnut","All Sizes"
"4929","Nuts","MIXED NUTS","","All Sizes"
"4930","Nuts","PEANUTS","","All Sizes"
"4931","Nuts","PEANUTS","Raw","All Sizes"
"4932","Nuts","PEANUTS","Roasted - Salted","All Sizes"
"4933","Nuts","PEANUTS","Roasted - Unsalted","All Sizes"
"4934","Nuts","PEANUTS","Retailer Assigned","All Sizes"
"4935","Nuts","PEANUTS","Retailer Assigned","All Sizes"
"4936","Nuts","PECANS","","All Sizes"
"4937","Nuts","PECANS","Retailer Assigned","All Sizes"
"4938","Nuts","PINE NUTS (PIGNOLI)","","All Sizes"
"4939","Nuts","PISTACHIO","Natural","All Sizes"
"4940","Nuts","PISTACHIO","Red","All Sizes"
"4941","Nuts","PISTACHIO","Retailer Assigned","All Sizes"
"4942","Nuts","SUNFLOWER SEEDS","","All Sizes"
"4943","Nuts","WALNUTS","Regular","All Sizes"
"4944","Nuts","WALNUTS","Black","All Sizes"
"4945","Nuts","WALNUTS","White","All Sizes"
"4946","Nuts","WALNUTS","Retailer Assigned","All Sizes"
"4947","Nuts","OTHER NUTS","Retailer Assigned","All Sizes"
"4948","Nuts","OTHER NUTS","Retailer Assigned","All Sizes"
"4949","Nuts","OTHER NUTS","Retailer Assigned","All Sizes"
"4950","Nuts","OTHER NUTS","Retailer Assigned"," All Sizes "
"4951","Nuts","OTHER NUTS","Retailer Assigned","All Sizes"
"4952","Nuts","OTHER NUTS","Retailer Assigned","All Sizes"
"4953","Nuts","OTHER NUTS","Retailer Assigned","All Sizes"
"4954","Nuts","OTHER NUTS","Retailer Assigned","All Sizes"
"4955","Nuts","OTHER NUTS","Retailer Assigned","All Sizes"
"4956","Nuts","OTHER NUTS","Retailer Assigned","All Sizes"
"4957","Fruits","GRAPES","Blue/Black Seeded (All others not listed above)","All Sizes"
"4958","Fruits","LEMONS","","Medium"
"4959","Fruits","MANGO","Red (Includes Tommy Atkins, Kent, Palmer Vandyke, Edward, Hayden)","Large"
"4960","Fruits","PEARS","Fragrant","All Sizes"
"4961","Fruits","MANGO","Yellow","Large"
